LK_ID,LK_Name,LK_Type,Population,BL_Code,BL_Name,Twitter Account,Twitter URL,Twitter Name,Twitter Description,Twitter Follower,Twitter Following,Twitter Tweets,Twitter Location,Twitter ID
01001,Flensburg,Kreisfreie Stadt,89504,SH,Schleswig-Holstein,Stadt_Flensburg,https://twitter.com/Stadt_Flensburg,Stadt Flensburg,Offizielle Seite der Flensburger Stadtverwaltung,1424,171,534,Flensburg,1310086584
01002,Kiel,Kreisfreie Stadt,247548,SH,Schleswig-Holstein,stadt_kiel,https://twitter.com/stadt_kiel,Landeshauptstadt Kiel,"Offizieller Account der n√∂rdlichsten Landeshauptstadt Deutschlands, mit dem Meer im Herzen am richtigen Platz. Beschwerden, Lob, Ideen ‚¨áÔ∏è und https://t.co/G67DbMyxd0",8930,276,6244,"Kiel, Germany",102358574
01003,L√ºbeck,Kreisfreie Stadt,217198,SH,Schleswig-Holstein,-,,,,,,,,
01004,Neum√ºnster,Kreisfreie Stadt,79487,SH,Schleswig-Holstein,neumuenster,https://twitter.com/neumuenster,Stadt Neum√ºnster,,1482,34,3904,Neum√ºnster,46114470
01051,Dithmarschen,Kreis,133210,SH,Schleswig-Holstein,-,,,,,,,,
01053,Herzogtum Lauenburg,Kreis,197264,SH,Schleswig-Holstein,-,,,,,,,,
01054,Nordfriesland,Kreis,165507,SH,Schleswig-Holstein,-,,,,,,,,
01055,Ostholstein,Kreis,200581,SH,Schleswig-Holstein,-,,,,,,,,
01056,Pinneberg,Kreis,314391,SH,Schleswig-Holstein,Kreis_Pinneberg,https://twitter.com/Kreis_Pinneberg,Kreis Pinneberg,"Hallo, hier twittert in K√ºrze der Kreis Pinneberg. Keine Anfragen, Antr√§ge o.√§. kein 24/7 Monitoring. Rufnummer: 115 oder 04121/4502-0",13,2,1,Kreis Pinneberg,925012436180258816
01057,Pl√∂n,Kreis,128647,SH,Schleswig-Holstein,-,,,,,,,,
01058,Rendsburg-Eckernf√∂rde,Kreis,272775,SH,Schleswig-Holstein,-,,,,,,,,
01059,Schleswig-Flensburg,Kreis,200025,SH,Schleswig-Holstein,-,,,,,,,,
01060,Segeberg,Kreis,276032,SH,Schleswig-Holstein,-,,,,,,,,
01061,Steinburg,Kreis,131347,SH,Schleswig-Holstein,-,,,,,,,,
01062,Stormarn,Kreis,243196,SH,Schleswig-Holstein,Kreis_Stormarn,https://twitter.com/Kreis_Stormarn,Kreis Stormarn,Hier twittert das Redaktionsteam der Kreisverwaltung Stormarn und versorgt Sie mit aktuellen Meldungen des Kreises.,225,12,253,Bad Oldesloe,1239806655862378496
02000,Hamburg,Kreisfreie Stadt,1841179,HH,Hamburg,hamburg_de,https://twitter.com/hamburg_de,hamburg.de,"Das offizielle Stadtportal. Hier twittern Jule, Franzi, Johanna und Thilo. 
Impressum: https://t.co/gDLfB7SyMf 
Foto: https://t.co/UC81UwQGV6",238740,278,12753,Hamburg,11013962
03101,Braunschweig,Kreisfreie Stadt,248292,NI,Niedersachsen,Stadt_BS,https://twitter.com/Stadt_BS,Stadt Braunschweig,Hier twittert die Stadt Braunschweig. St√∂rungshotlines: üí°: 0800 51 837 6324. üö¶‚ö°Ô∏èüíß: 0531 383-2444. üìûB√ºrgertelefon: 115.,4927,62,2287,"Braunschweig, Deutschland",828601709475852288
03102,Salzgitter,Kreisfreie Stadt,104948,NI,Niedersachsen,stadtsalzgitter,https://twitter.com/stadtsalzgitter,Stadt Salzgitter,Hier twittert die Stadt Salzgitter √ºber aktuelle Ereignisse. Aktuell haben wir ein B√ºrgertelefon f√ºr Sie geschaltet ‚òéÔ∏è05341/839-5000.,1295,45,1942,Salzgitter,2457928795
03103,Wolfsburg,Kreisfreie Stadt,124151,NI,Niedersachsen,Stadt_Wolfsburg,https://twitter.com/Stadt_Wolfsburg,Stadt.Wolfsburg,"Offizielle Twitter-Seite der Stadt Wolfsburg mit aktuellen Meldungen, Hinweisen, Tipps aus dem Wolfsburger Rathaus.   Impressum/Kontakt: http://t.co/pBxR81zAOI",3694,141,6642,Wolfsburg,1396559460
03151,Gifhorn,Landkreis,175920,NI,Niedersachsen,?,,,,,,,,
03153,Goslar,Landkreis,137014,NI,Niedersachsen,?,,,,,,,,
03154,Helmstedt,Landkreis,91307,NI,Niedersachsen,?,,,,,,,,
03155,Northeim,Landkreis,132765,NI,Niedersachsen,?,,,,,,,,
03157,Peine,Landkreis,133965,NI,Niedersachsen,?,,,,,,,,
03158,Wolfenb√ºttel,Landkreis,119960,NI,Niedersachsen,?,,,,,,,,
03159,G√∂ttingen,Landkreis,328074,NI,Niedersachsen,-,,,,,,,,
03241,Region Hannover,Landkreis,1157624,NI,Niedersachsen,regionhannover_,https://twitter.com/regionhannover_,Region Hannover,"21 St√§dte und Gemeinden unter einem Dach; 1,2 Mio. Einwohner; mitten in Europa. Impressum: https://t.co/YLXfd08vVe",11664,379,7924,Hannover,169050559
03251,Diepholz,Landkreis,216886,NI,Niedersachsen,?,,,,,,,,
03252,Hameln-Pyrmont,Landkreis,148559,NI,Niedersachsen,?,,,,,,,,
03254,Hildesheim,Landkreis,276594,NI,Niedersachsen,-,,,,,,,,
03255,Holzminden,Landkreis,70975,NI,Niedersachsen,?,,,,,,,,
03256,Nienburg (Weser),Landkreis,121386,NI,Niedersachsen,?,,,,,,,,
03257,Schaumburg,Landkreis,157781,NI,Niedersachsen,?,,,,,,,,
03351,Celle,Landkreis,178936,NI,Niedersachsen,-,,,,,,,,
03352,Cuxhaven,Landkreis,198213,NI,Niedersachsen,?,,,,,,,,
03353,Harburg,Landkreis,252776,NI,Niedersachsen,LKreis_Harburg,https://twitter.com/LKreis_Harburg,Landkreis Harburg,"Herzlich willkommen auf der offiziellen Twitterpr√§senz des Landkreises Harburg. Fotos: Copyright Landkreis, Fotograf Header: Martin Kunze.",2231,313,3930,Winsen(Luhe),291684839
03354,L√ºchow-Dannenberg,Landkreis,48424,NI,Niedersachsen,?,,,,,,,,
03355,L√ºneburg,Landkreis,183372,NI,Niedersachsen,lk_lueneburg,https://twitter.com/lk_lueneburg,Landkreis L√ºneburg,Nachrichten aus der Region von der Pressestelle. Impressum: https://t.co/TcXFGquoUk Datenschutz: https://t.co/S7t3iB3IG8,3565,80,6495,"L√ºneburg, Germany",8539882
03356,Osterholz,Landkreis,113517,NI,Niedersachsen,?,,,,,,,,
03357,Rotenburg (W√ºmme),Landkreis,163455,NI,Niedersachsen,?,,,,,,,,
03358,Heidekreis,Landkreis,139755,NI,Niedersachsen,?,,,,,,,,
03359,Stade,Landkreis,203102,NI,Niedersachsen,?,,,,,,,,
03360,Uelzen,Landkreis,92572,NI,Niedersachsen,?,,,,,,,,
03361,Verden,Landkreis,136792,NI,Niedersachsen,?,,,,,,,,
03401,Delmenhorst,Kreisfreie Stadt,77607,NI,Niedersachsen,delmenhorst_de,https://twitter.com/delmenhorst_de,Stadt Delmenhorst,"Offizieller Twitter-Kanal der Stadt Delmenhorst.
#delmenhorstverbindet",1234,39,1965,Delmenhorst | Germany,245290856
03402,Emden,Kreisfreie Stadt,50195,NI,Niedersachsen,StadtEmden,https://twitter.com/StadtEmden,Stadtportal Emden,"Auf unserem Stadtportal Emden-Ostfriesland.de finden kostenlos √Ñrzte- und Branchenverzeichnis, Wohnungen, Autoanzeigen, Immobilienanzeigen und Kleinanzeigen!",118,0,0,Emden - Ostfriesland,199218711
03403,Oldenburg (Oldb),Kreisfreie Stadt,168210,NI,Niedersachsen,-,,,,,,,,
03404,Osnabr√ºck,Kreisfreie Stadt,164748,NI,Niedersachsen,StadtOsnabrueck,https://twitter.com/StadtOsnabrueck,Stadt Osnabr√ºck,Offizieller Account der Stadt Osnabr√ºck. Hier twittert das Referat Medien und √ñffentlichkeitsarbeit. Impressum: https://t.co/ZRRpKn74qe,9517,190,5212,Osnabr√ºck / Deutschland,46370708
03405,Wilhelmshaven,Kreisfreie Stadt,76278,NI,Niedersachsen,StadtWHV,https://twitter.com/StadtWHV,Stadt Wilhelmshaven,"Wilhelmshaven: Einziger Tiefwasserhafen, gr√∂√üter Marinest√ºtzpunkt, wirtschaftliches und kulturelles Zentrum der Region, Stadt mit hoher Wohn- u. Lebensqualit√§t!",1312,0,2269,Wilhelmshaven,253007661
03451,Ammerland,Landkreis,124071,NI,Niedersachsen,?,,,,,,,,
03452,Aurich,Landkreis,189848,NI,Niedersachsen,?,,,,,,,,
03453,Cloppenburg,Landkreis,169348,NI,Niedersachsen,?,,,,,,,,
03454,Emsland,Landkreis,325657,NI,Niedersachsen,-,,,,,,,,
03455,Friesland,Landkreis,98460,NI,Niedersachsen,?,,,,,,,,
03456,Grafschaft Bentheim,Landkreis,136511,NI,Niedersachsen,?,,,,,,,,
03457,Leer,Landkreis,169809,NI,Niedersachsen,?,,,,,,,,
03458,Oldenburg,Landkreis,130144,NI,Niedersachsen,?,,,,,,,,
03459,Osnabr√ºck,Landkreis,357343,NI,Niedersachsen,lkosnabrueck,https://twitter.com/lkosnabrueck,Landkreis Osnabr√ºck,Wir beantworten gerne Ihre FRAGEN: https://t.co/yfoXJXt5fk,5793,105,5547,Osnabr√ºck,126570904
03460,Vechta,Landkreis,141598,NI,Niedersachsen,?,,,,,,,,
03461,Wesermarsch,Landkreis,88624,NI,Niedersachsen,?,,,,,,,,
03462,Wittmund,Landkreis,56882,NI,Niedersachsen,?,,,,,,,,
04011,Bremen,Kreisfreie Stadt,569352,HB,Bremen,bremen_de,https://twitter.com/bremen_de,Stadt Bremen,"Immer auf dem Laufenden - mit Meldungen, Veranstaltungen, Tipps und Ver√∂ffentlichungen der Freien Hansestadt Bremen.",50862,441,8901,Bremen,23926662
04012,Bremerhaven,Kreisfreie Stadt,113634,HB,Bremen,bremerhaven_de,https://twitter.com/bremerhaven_de,Stadt Bremerhaven,"Offizieller Twitter-Dienst Stadtverwaltung Bremerhaven - es schreiben: F. Schildt, A. M√ºdeking https://t.co/x8nUDtzKMC https://t.co/krnArqT35d",2588,137,2413,Bremerhaven,335167862
05111,D√ºsseldorf,Kreisfreie Stadt,619294,NW,Nordrhein-Westfalen,Duesseldorf,https://twitter.com/Duesseldorf,Stadt D√ºsseldorf,Offizieller Twitter Account der Landeshauptstadt D√ºsseldorf. https://t.co/Hj3Od8n0Rg,62831,223,11601,D√ºsseldorf / Germany,117684042
05112,Duisburg,Kreisfreie Stadt,498590,NW,Nordrhein-Westfalen,duisburg_de,https://twitter.com/duisburg_de,Stadt Duisburg,Dies ist der offizielle Twitterkanal der Stadt Duisburg. Impressum: https://t.co/u39uOQnZwO,12806,803,7949,Duisburg,38818464
05113,Essen,Kreisfreie Stadt,583109,NW,Nordrhein-Westfalen,Essen_Ruhr,https://twitter.com/Essen_Ruhr,Stadt Essen,"Offizieller Account. Es twittern Elisabeth (^e), Daniel (^d), Remo (^r) & Sophia (^s) vom Presseamt. Impressum: https://t.co/VR7UDxTKzg",14405,450,16339,Essen,413192825
05114,Krefeld,Kreisfreie Stadt,227020,NW,Nordrhein-Westfalen,KrefeldStadt,https://twitter.com/KrefeldStadt,Stadt Krefeld,"Krefeld - Stadt wie Samt und Seide

Dies ist der offizielle Twitteraccount der Stadtverwaltung Krefeld

Telefon	0 21 51 / 86-1402
Fax	0 21 51 / 86-1410",10,0,0,Krefeld,1261626212130193408
05116,M√∂nchengladbach,Kreisfreie Stadt,261454,NW,Nordrhein-Westfalen,StadtMG,https://twitter.com/StadtMG,Stadt MG,"Hier twittert die Pressestelle der Stadt M√∂nchengladbach
Impressum: https://t.co/b8P9rxTNlL",2524,148,3588,M√∂nchengladbach,103948627
05117,M√ºlheim an der Ruhr,Kreisfreie Stadt,170880,NW,Nordrhein-Westfalen,Muelheim_Ruhr,https://twitter.com/Muelheim_Ruhr,M√ºlheim an der Ruhr,Offizieller Account der Stadt M√ºlheim. Hashtag #MHruhr. Impressum: https://t.co/H8iVQZpR74,4495,89,8594,M√ºlheim an der Ruhr,59711411
05119,Oberhausen,Kreisfreie Stadt,210829,NW,Nordrhein-Westfalen,StadtOberhausen,https://twitter.com/StadtOberhausen,Stadt Oberhausen,Dies ist der offizielle Twitterkanal der Stadt Oberhausen. Impressum: https://t.co/jpGH9qyEFz,167,9,12,Oberhausen,1216656026684022784
05120,Remscheid,Kreisfreie Stadt,110994,NW,Nordrhein-Westfalen,-,,,,,,,,
05122,Solingen,Kreisfreie Stadt,159360,NW,Nordrhein-Westfalen,Klingenstadt,https://twitter.com/Klingenstadt,Klingenstadt Solingen,"Offizieller Twitter-Account Stadt Solingen. 
Solingen liegt eingebettet im Bergischen Land, ist eine weltoffene Stadt mit einer gro√üen Willkommenskultur.",583,37,292,"Solingen, Deutschland",1056851352930971648
05124,Wuppertal,Kreisfreie Stadt,354382,NW,Nordrhein-Westfalen,-,,,,,,,,
05154,Kleve,Kreis,310974,NW,Nordrhein-Westfalen,Kreis_Kleve,https://twitter.com/Kreis_Kleve,Kreis Kleve,Der Kreis Kleve liegt am unteren Niederrhein im Nordwesten des Bundeslandes Nordrhein-Westfalen.,74,7,0,"Kleve, Nordrhein-Westfalen",746349908765122560
05158,Mettmann,Kreis,485684,NW,Nordrhein-Westfalen,-,,,,,,,,
05162,Rhein-Kreis Neuss,Kreis,451007,NW,Nordrhein-Westfalen,rheinkreisneuss,https://twitter.com/rheinkreisneuss,Rhein-Kreis Neuss,"Impressum 
https://t.co/YrIf6Z0UBa",2306,19,3789,"Neuss, Deutschland",108539095
05166,Viersen,Kreis,298935,NW,Nordrhein-Westfalen,kreisviersen,https://twitter.com/kreisviersen,Kreis Viersen,Informationen aus dem Kreis Viersen,1987,140,7397,Viersen,146365888
05170,Wesel,Kreis,459809,NW,Nordrhein-Westfalen,kreiswesel,https://twitter.com/kreiswesel,Kreis Wesel,"Die Pressestelle des Kreises Wesel betreut diese Seite.
Reeser Landstra√üe 31 / 46483 Wesel / Tel.: (02 81) 2070",728,83,924,"Wesel, Nordrhein-Westfalen",214035448
05314,Bonn,Kreisfreie Stadt,327258,NW,Nordrhein-Westfalen,bonn_de,https://twitter.com/bonn_de,Stadt Bonn,,199,0,0,,87286300
05315,K√∂ln,Kreisfreie Stadt,1085664,NW,Nordrhein-Westfalen,Koeln,https://twitter.com/Koeln,Stadt K√∂ln,Offizieller Account der Stadt K√∂ln. Hier twittern wir Neuigkeiten aus der Stadtverwaltung. Impressum: https://t.co/Uld2VAPfYO,28184,443,8419,"K√∂ln, Deutschland",1171286929
05316,Leverkusen,Kreisfreie Stadt,163838,NW,Nordrhein-Westfalen,leverkusen_de,https://twitter.com/leverkusen_de,Stadt Leverkusen,,0,11,0,,366012581
05334,St√§dteregion Aachen,Kreis,555465,NW,Nordrhein-Westfalen,staedteregio_ac,https://twitter.com/staedteregio_ac,St√§dteRegion Aachen,"Wohnen und Leben in der #Euregio Maas-Rhein. Aktiv kommunizieren, sich vernetzen, kreative Ideen entwickeln, lebendig sein, sich unterst√ºtzen.",98,70,44,St√§dteregion Aachen,1226559106196082690
05358,D√ºren,Kreis,263722,NW,Nordrhein-Westfalen,kreisdueren,https://twitter.com/kreisdueren,KREIS D√úREN,Dies ist der offizielle Nachrichtenkanal des Kreises D√ºren. F√ºr Dialog und Service nutzen wir https://t.co/msbUOAYxtB. Impressum: https://t.co/sQpsDSxzpd,1829,184,15541,D√ºren,2230437297
05362,Rhein-Erft-Kreis,Kreis,470089,NW,Nordrhein-Westfalen,rek_landrat,https://twitter.com/rek_landrat,"Rhein-Erft-Kreis, Der Landrat",Kommunalverwaltung,228,122,91,"Bergheim, Deutschland",1232651559328239616
05366,Euskirchen,Kreis,192840,NW,Nordrhein-Westfalen,KV_Euskirchen,https://twitter.com/KV_Euskirchen,Kreis Euskirchen,"Der offizielle Twitter-Account der Kreisverwaltung Euskirchen. 

Impressum: https://t.co/5gIRGeRyaf",263,39,85,"Euskirchen, Deutschland",1100024480804597760
05370,Heinsberg,Kreis,254322,NW,Nordrhein-Westfalen,kreisheinsberg,https://twitter.com/kreisheinsberg,Kreis Heinsberg,"Pressekontakt:
Jennifer Gr√ºnter
Jennifer.Gruenter@kreis-heinsberg.de
#kreisheinsberg #coronavirus #covid19 #stephanpusch #hsbestrong",586,23,44,,781757152855597056
05374,Oberbergischer Kreis,Kreis,272471,NW,Nordrhein-Westfalen,-,,,,,,,,
05378,Rheinisch-Bergischer Kreis,Kreis,283455,NW,Nordrhein-Westfalen,-,,,,,,,,
05382,Rhein-Sieg-Kreis,Kreis,599780,NW,Nordrhein-Westfalen,RheinSiegKreis,https://twitter.com/RheinSiegKreis,Rhein-Sieg-Kreis,,1737,1,5282,Siegburg,229447270
05512,Bottrop,Kreisfreie Stadt,117383,NW,Nordrhein-Westfalen,bottrop,https://twitter.com/bottrop,Pressestelle Bottrop,Der offizielle Twitter-Account der Stadt Bottrop (Impressum: https://t.co/ZOYKjkD8y5),1303,120,4155,"Bottrop, Germany",156926286
05513,Gelsenkirchen,Kreisfreie Stadt,260654,NW,Nordrhein-Westfalen,_Gelsenkirchen_,https://twitter.com/_Gelsenkirchen_,Stadt Gelsenkirchen,Der offizielle Twitter-Account der Stadt Gelsenkirchen (Impressum: https://t.co/jtHjRt9Cfj),4379,168,4767,Gelsenkirchen,227650754
05515,M√ºnster,Kreisfreie Stadt,314319,NW,Nordrhein-Westfalen,MS_Stadt,https://twitter.com/MS_Stadt,M√ºnster,Dieser Account befindet sich zur Zeit noch im Aufbau.,84,8,0,M√ºnster,486575613
05554,Borken,Kreis,370676,NW,Nordrhein-Westfalen,akutkreisborken,https://twitter.com/akutkreisborken,Kreis Borken,"Informationen zu akuten Krisen, Notf√§llen und Gef√§hrdungslagen",1369,39,520,Westm√ºnsterland - Kreis Borken,1207692835
05558,Coesfeld,Kreis,219929,NW,Nordrhein-Westfalen,KreisCoesfeld,https://twitter.com/KreisCoesfeld,Kreis Coesfeld,Meldungen der Kreisverwaltung Coesfeld - Nordrhein-Westfalen (NRW) - Deutschland,585,4,1692,"Coesfeld, Nordrhein-Westfalen",833632598710697984
05562,Recklinghausen,Kreis,615261,NW,Nordrhein-Westfalen,StadtRE,https://twitter.com/StadtRE,Stadt Recklinghausen,Offizieller Account der Stadt Recklinghausen. Hier twittert das Team der Pressestelle √ºber Wissenswertes aus dem Stadtgebiet. #MeinRE,490,82,500,"Recklinghausen, NRW",1214182485325574145
05566,Steinfurt,Kreis,447614,NW,Nordrhein-Westfalen,Kreis_Steinfurt,https://twitter.com/Kreis_Steinfurt,Kreis Steinfurt,"Informationen zu akuten Krisen, Notf√§llen und Gef√§hrdungslagen",1835,98,2750,,224644072
05570,Warendorf,Kreis,277783,NW,Nordrhein-Westfalen,Kreis_Warendorf,https://twitter.com/Kreis_Warendorf,kreiswarendorf,Willkommen auf dem offiziellen Twitter-Account des Kreises Warendorf. Weitere Infos finden Sie auch unter: https://t.co/bMUprND3Uu,237,18,89,,1234800832878665728
05711,Bielefeld,Kreisfreie Stadt,333786,NW,Nordrhein-Westfalen,stadtbielefeld,https://twitter.com/stadtbielefeld,Stadt Bielefeld,"Aktuelles aus Bielefeld vom Twitter-Team des Presseamtes
Impressum:https://t.co/Iu8MfjZpzL",7431,95,925,Bielefeld,75987732
05754,G√ºtersloh,Kreis,364083,NW,Nordrhein-Westfalen,KreisGuetersloh,https://twitter.com/KreisGuetersloh,Kreis G√ºtersloh,,991,40,1078,Kreis G√ºtersloh,1001363615147061249
05758,Herford,Kreis,250783,NW,Nordrhein-Westfalen,-,,,,,,,,
05762,H√∂xter,Kreis,140667,NW,Nordrhein-Westfalen,Kreis_Hoexter,https://twitter.com/Kreis_Hoexter,Kreis H√∂xter,Willkommen auf der offiziellen Twitter-Seite der Kreisverwaltung H√∂xter!,326,56,108,"H√∂xter, Deutschland",897413573592403968
05766,Lippe,Kreis,348391,NW,Nordrhein-Westfalen,-,,,,,,,,
05770,Minden-L√ºbbecke,Kreis,310710,NW,Nordrhein-Westfalen,-,,,,,,,,
05774,Paderborn,Kreis,306890,NW,Nordrhein-Westfalen,KreisPaderborn,https://twitter.com/KreisPaderborn,KreisPaderborn,"Hier twittert der Kreis Paderborn, vertreten durch das Amt f√ºr Presse und √ñffentlichkeitsarbeit.

Servicezeiten: https://t.co/U1lFpVBzlx
Datenschutz: https://t.co/24fqPQzr2Z",1721,163,2676,"Paderborn, Nordrhein-Westfalen",878182953356066817
05911,Bochum,Kreisfreie Stadt,364628,NW,Nordrhein-Westfalen,bochum_de,https://twitter.com/bochum_de,Stadt Bochum,Herzlich willkommen auf der offiziellen Twitter-Seite der Stadt Bochum. Wir sind Mo‚ÄìFr von 8 bis 18 Uhr f√ºr euch da. Impressum: https://t.co/mGQo4G4DOK,10789,190,5648,Bochum / Deutschland,2187883166
05913,Dortmund,Kreisfreie Stadt,587010,NW,Nordrhein-Westfalen,stadtdortmund,https://twitter.com/stadtdortmund,Stadt Dortmund,"Hier twittert das Social-Media-Team der Dortmund-Agentur.
Impressum, Hinweise zum Datenschutz & unsere Netiquette ‚û° https://t.co/4HOYiF6IU2",93958,939,28350,Dortmund,28532955
05914,Hagen,Kreisfreie Stadt,188814,NW,Nordrhein-Westfalen,Hagen_Westfalen,https://twitter.com/Hagen_Westfalen,Stadt Hagen,"Willkommen auf der offiziellen Twitter-Seite der Stadt Hagen in Westfalen!

Mehr Infos auf:
https://t.co/6dO5YfTwuk
https://t.co/fjNYC8tYGq
https://t.co/s07Gvg7Hc6",3066,83,6151,Hagen,145595056
05915,Hamm,Kreisfreie Stadt,179111,NW,Nordrhein-Westfalen,hamm_stadt,https://twitter.com/hamm_stadt,Stadt Hamm,Offizieller Twitter-Account der Stadt Hamm. Impressum: https://t.co/9L7KIcYl1g,730,84,482,"Hamm, Deutschland",1146072002484215813
05916,Herne,Kreisfreie Stadt,156374,NW,Nordrhein-Westfalen,Stadt_Herne,https://twitter.com/Stadt_Herne,Stadt Herne,"Impressum: Stadt Herne, Friedrich-Ebert-Platz 2, 44623 Herne, Tel: 02323/160 info@herne.de K.d.√∂.R. vertr. d. OB Dr. Frank Dudda. V.i.S.d.MDStV Christoph H√ºsken",2955,250,1714,Herne,146043671
05954,Ennepe-Ruhr-Kreis,Kreis,324296,NW,Nordrhein-Westfalen,-,,,,,,,,
05958,Hochsauerlandkreis,Kreis,260475,NW,Nordrhein-Westfalen,-,,,,,,,,
05962,M√§rkischer Kreis,Kreis,412120,NW,Nordrhein-Westfalen,-,,,,,,,,
05966,Olpe,Kreis,134775,NW,Nordrhein-Westfalen,Kreis_Olpe,https://twitter.com/Kreis_Olpe,Kreis Olpe,Hier twittert die Kreisverwaltung Olpe. Impressum: https://t.co/E3z0Y7j2gh,52,2,0,Deutschland,1095676414697893889
05970,Siegen-Wittgenstein,Kreis,278210,NW,Nordrhein-Westfalen,Kreis_SiWi,https://twitter.com/Kreis_SiWi,Siegen-Wittgenstein,Impressum:  https://t.co/3SQdr9jHkf,279,3,44,,3402446913
05974,Soest,Kreis,301902,NW,Nordrhein-Westfalen,KreisSoest,https://twitter.com/KreisSoest,Kreis Soest,"Hier twittert der Kreis Soest, vertreten durch die Pressestelle.  Impressum: https://t.co/6w4JuPtpT1 Datenschutz: https://t.co/Rhs5Tdgwp9",2236,304,10603,Soest,272031261
05978,Unna,Kreis,394782,NW,Nordrhein-Westfalen,-,,,,,,,,
06411,Darmstadt,Kreisfreie Stadt,159207,HE,Hessen,Stadt_Darmstadt,https://twitter.com/Stadt_Darmstadt,Stadt Darmstadt,Das ist der offizielle Twitter-Account der Wissenschaftsstadt Darmstadt.,6041,321,4261,Wissenschaftsstadt Darmstadt,255461952
06412,Frankfurt am Main,Kreisfreie Stadt,753056,HE,Hessen,Stadt_FFM,https://twitter.com/Stadt_FFM,Frankfurt am Main,Hier schreiben Moritz B√§uml (*mb) und Jan Hassenpflug (*jh) aus dem Hauptamt & Stadtmarketing der Stadt Frankfurt/M. Impressum: https://t.co/hUWlf5ycNc,209446,999,20194,"Frankfurt am Main, Germany",50254771
06413,Offenbach am Main,Kreisfreie Stadt,128744,HE,Hessen,Stadt_OF,https://twitter.com/Stadt_OF,Stadt Offenbach,"Offizieller Twitter-Kanal der Stadt Offenbach am Main, Impressum: https://t.co/N6mexmcHjR",2020,161,2345,"Offenbach am Main, Deutschland",4868735543
06414,Wiesbaden,Kreisfreie Stadt,278342,HE,Hessen,Stadt_Wiesbaden,https://twitter.com/Stadt_Wiesbaden,Stadt Wiesbaden,"Hier twittert das Pressereferat der Landeshauptstadt. ‚û°Ô∏èPiWi: https://t.co/DDr0pEWXrK ‚û°Ô∏èFB: https://t.co/N7jzDn6oqA
‚û°Ô∏èDatenschutz: https://t.co/MtLqOJoSam",7589,131,7307,Wiesbaden / Deutschland,88045348
06431,Bergstra√üe,Landkreis,269694,HE,Hessen,-,,,,,,,,
06432,Darmstadt-Dieburg,Landkreis,297399,HE,Hessen,-,,,,,,,,
06433,Gro√ü-Gerau,Landkreis,274526,HE,Hessen,-,,,,,,,,
06434,Hochtaunuskreis,Landkreis,236564,HE,Hessen,-,,,,,,,,
06435,Main-Kinzig-Kreis,Landkreis,418950,HE,Hessen,MainKinzigKreis,https://twitter.com/MainKinzigKreis,Main-Kinzig-Kreis,,1629,1,856,Gelnhausen,465643775
06436,Main-Taunus-Kreis,Landkreis,237735,HE,Hessen,-,,,,,,,,
06437,Odenwaldkreis,Landkreis,96798,HE,Hessen,?,,,,,,,,
06438,Offenbach,Landkreis,354092,HE,Hessen,-,,,,,,,,
06439,Rheingau-Taunus-Kreis,Landkreis,187157,HE,Hessen,-,,,,,,,,
06440,Wetteraukreis,Landkreis,306460,HE,Hessen,Bruchenbruecken,https://twitter.com/Bruchenbruecken,Wetteraukreis,Wetteraukreis,22,12,1,Germany/Hessen,73864115
06531,Gie√üen,Landkreis,268876,HE,Hessen,-,,,,,,,,
06532,Lahn-Dill-Kreis,Landkreis,253777,HE,Hessen,-,,,,,,,,
06533,Limburg-Weilburg,Landkreis,172083,HE,Hessen,?,,,,,,,,
06534,Marburg-Biedenkopf,Landkreis,246648,HE,Hessen,-,,,,,,,,
06535,Vogelsbergkreis,Landkreis,105878,HE,Hessen,?,,,,,,,,
06611,Kassel,Kreisfreie Stadt,201585,HE,Hessen,StadtKassel,https://twitter.com/StadtKassel,Stadt Kassel,"documenta-Stadt Kassel | Weltkulturerbe Bergpark Wilhelmsh√∂he | Heimat der Br√ºder Grimm | Hessen, Germany | Impressum: https://t.co/k7kPi9qSqH",8713,1004,12458,"Kassel, Deutschland",24156207
06631,Fulda,Landkreis,222584,HE,Hessen,?,,,,,,,,
06632,Hersfeld-Rotenburg,Landkreis,120829,HE,Hessen,?,,,,,,,,
06633,Kassel,Landkreis,236633,HE,Hessen,?,,,,,,,,
06634,Schwalm-Eder-Kreis,Landkreis,180222,HE,Hessen,?,,,,,,,,
06635,Waldeck-Frankenberg,Landkreis,156953,HE,Hessen,?,,,,,,,,
06636,Werra-Mei√üner-Kreis,Landkreis,101017,HE,Hessen,?,,,,,,,,
07111,Koblenz,Kreisfreie Stadt,114024,RP,Rheinland-Pfalz,-,,,,,,,,
07131,Ahrweiler,Landkreis,129727,RP,Rheinland-Pfalz,?,,,,,,,,
07132,Altenkirchen (Westerwald),Landkreis,128705,RP,Rheinland-Pfalz,?,,,,,,,,
07133,Bad Kreuznach,Landkreis,158080,RP,Rheinland-Pfalz,?,,,,,,,,
07134,Birkenfeld,Landkreis,80720,RP,Rheinland-Pfalz,?,,,,,,,,
07135,Cochem-Zell,Landkreis,61587,RP,Rheinland-Pfalz,?,,,,,,,,
07137,Mayen-Koblenz,Landkreis,214259,RP,Rheinland-Pfalz,-,,,,,,,,
07138,Neuwied,Landkreis,181941,RP,Rheinland-Pfalz,?,,,,,,,,
07140,Rhein-Hunsr√ºck-Kreis,Landkreis,102937,RP,Rheinland-Pfalz,?,,,,,,,,
07141,Rhein-Lahn-Kreis,Landkreis,122308,RP,Rheinland-Pfalz,?,,,,,,,,
07143,Westerwaldkreis,Landkreis,201597,RP,Rheinland-Pfalz,?,,,,,,,,
07211,Trier,Kreisfreie Stadt,110636,RP,Rheinland-Pfalz,Stadt_Trier,https://twitter.com/Stadt_Trier,stadt_trier,Neues aus der √§ltesten Stadt Deutschlands: Hier twittert das Presseamt aus Trier. Impressum https://t.co/jvu5plTxPy Datenschutz: https://t.co/xeHX4ElzGc,3585,695,3269,"Trier, Deutschland",455843411
07231,Bernkastel-Wittlich,Landkreis,112262,RP,Rheinland-Pfalz,?,,,,,,,,
07232,Eifelkreis Bitburg-Pr√ºm,Landkreis,98561,RP,Rheinland-Pfalz,?,,,,,,,,
07233,Vulkaneifel,Landkreis,60603,RP,Rheinland-Pfalz,?,,,,,,,,
07235,Trier-Saarburg,Landkreis,148945,RP,Rheinland-Pfalz,?,,,,,,,,
07311,Frankenthal (Pfalz),Kreisfreie Stadt,48561,RP,Rheinland-Pfalz,Stadt_FT,https://twitter.com/Stadt_FT,frankenthal_pfalz,,54,28,31,,1098197515877392384
07312,Kaiserslautern,Kreisfreie Stadt,99845,RP,Rheinland-Pfalz,StadtKL,https://twitter.com/StadtKL,Stadt Kaiserslautern,"Hier twittert die Pressestelle der Stadt Kaiserslautern. 
Impressum und Datenschutzerkl√§rung: https://t.co/CgDA1Xla1R",2108,37,4335,Kaiserslautern,202117639
07313,Landau in der Pfalz,Kreisfreie Stadt,46677,RP,Rheinland-Pfalz,-,,,,,,,,
07314,Ludwigshafen am Rhein,Kreisfreie Stadt,171061,RP,Rheinland-Pfalz,ludwigshafen_de,https://twitter.com/ludwigshafen_de,Stadt Ludwigshafen,Offizieller Twitter-Account der Stadt Ludwigshafen am Rhein. Impressum und Netiquette: https://t.co/dOpm93bKxA,3733,63,3959,,85328923
07315,Mainz,Kreisfreie Stadt,217118,RP,Rheinland-Pfalz,stadtmainz,https://twitter.com/stadtmainz,Stadt Mainz,,63,0,0,,88048821
07316,Neustadt an der Weinstra√üe,Kreisfreie Stadt,53148,RP,Rheinland-Pfalz,Neustadt_Wstr,https://twitter.com/Neustadt_Wstr,Neustadt Weinstra√üe,Offizieller Twitter-Account f√ºr Tourismus in der Genuss- und Weinerlebnisregion Neustadt an der Weinstra√üe und seinen Weind√∂rfern.,863,262,1998,Neustadt an der Weinstra√üe,3096988881
07317,Pirmasens,Kreisfreie Stadt,40403,RP,Rheinland-Pfalz,stadtpirmasens,https://twitter.com/stadtpirmasens,Pirmasens,"Aktuelle Pressemitteilungen sind auch auf 
https://t.co/kDJo7KiNmD zu finden
Impressum: https://t.co/YiPEgoyRRK",617,160,3029,Pirmasens,123565708
07318,Speyer,Kreisfreie Stadt,50378,RP,Rheinland-Pfalz,Speyer_Stadt,https://twitter.com/Speyer_Stadt,Stadt Speyer,offizieller Twitteraccount der Stadt Speyer,1205,3,1945,Speyer,271836199
07319,Worms,Kreisfreie Stadt,83330,RP,Rheinland-Pfalz,nibelungenstadt,https://twitter.com/nibelungenstadt,Stadt Worms,√Ñlteste Stadt Deutschlands | RSS-Feed von https://t.co/DigJh66Ann | Dieser Account steht in keinem Zusammenhang mit der Stadtverwaltung,37,25,72,"Worms, Deutschland üá©üá™ üá™üá∫",913031184610971650
07320,Zweibr√ºcken,Kreisfreie Stadt,34209,RP,Rheinland-Pfalz,-,,,,,,,,
07331,Alzey-Worms,Landkreis,129244,RP,Rheinland-Pfalz,?,,,,,,,,
07332,Bad D√ºrkheim,Landkreis,132660,RP,Rheinland-Pfalz,?,,,,,,,,
07333,Donnersbergkreis,Landkreis,75101,RP,Rheinland-Pfalz,?,,,,,,,,
07334,Germersheim,Landkreis,129075,RP,Rheinland-Pfalz,?,,,,,,,,
07335,Kaiserslautern,Landkreis,106057,RP,Rheinland-Pfalz,?,,,,,,,,
07336,Kusel,Landkreis,70526,RP,Rheinland-Pfalz,?,,,,,,,,
07337,S√ºdliche Weinstra√üe,Landkreis,110356,RP,Rheinland-Pfalz,?,,,,,,,,
07338,Rhein-Pfalz-Kreis,Landkreis,154201,RP,Rheinland-Pfalz,?,,,,,,,,
07339,Mainz-Bingen,Landkreis,210889,RP,Rheinland-Pfalz,-,,,,,,,,
07340,S√ºdwestpfalz,Landkreis,95113,RP,Rheinland-Pfalz,?,,,,,,,,
08111,Stuttgart,Stadtkreis,634830,BW,Baden-W√ºrttemberg,stuttgart_stadt,https://twitter.com/stuttgart_stadt,Stadt Stuttgart,Das Online-Team twittert Wissenswertes aus dem Rathaus.  Impressum: https://t.co/jqainAMCQB Datenschutz: https://t.co/B7eaIUIdzs,25511,218,9666,Stuttgart,127505577
08115,B√∂blingen,Landkreis,391640,BW,Baden-W√ºrttemberg,-,,,,,,,,
08116,Esslingen,Landkreis,533859,BW,Baden-W√ºrttemberg,LandkreisES,https://twitter.com/LandkreisES,Landkreis Esslingen,"Der Landkreis Esslingen steht f√ºr hohe Wirtschaftskraft, traumhafte Natur und vielf√§ltige Kultur. Hier postet das Landratsamt Esslingen News aus dem Landkreis.",32,37,0,Landkreis Esslingen,1106594225649537026
08117,G√∂ppingen,Landkreis,257253,BW,Baden-W√ºrttemberg,-,,,,,,,,
08118,Ludwigsburg,Landkreis,543984,BW,Baden-W√ºrttemberg,-,,,,,,,,
08119,Rems-Murr-Kreis,Landkreis,426158,BW,Baden-W√ºrttemberg,-,,,,,,,,
08121,Heilbronn,Stadtkreis,125960,BW,Baden-W√ºrttemberg,heilbronn_de,https://twitter.com/heilbronn_de,Stadt Heilbronn,"Neues aus dem Rathaus Heilbronn, Wirtschaftsmetropole am Neckar (125000 Einw.), 3 Hochschulen, Bundesgartenschau 2019, Wein- und Salzstadt, Lernwelt experimenta",3253,34,3317,"Heilbronn, Germany",132545363
08125,Heilbronn,Landkreis,343068,BW,Baden-W√ºrttemberg,-,,,,,,,,
08126,Hohenlohekreis,Landkreis,112010,BW,Baden-W√ºrttemberg,?,,,,,,,,
08127,Schw√§bisch Hall,Landkreis,195861,BW,Baden-W√ºrttemberg,-,,,,,,,,
08128,Main-Tauber-Kreis,Landkreis,132321,BW,Baden-W√ºrttemberg,?,,,,,,,,
08135,Heidenheim,Landkreis,132472,BW,Baden-W√ºrttemberg,?,,,,,,,,
08136,Ostalbkreis,Landkreis,314002,BW,Baden-W√ºrttemberg,LRA_Ostalbkreis,https://twitter.com/LRA_Ostalbkreis,Ostalbkreis,Hier twittert die Pressestelle des Landratsamts Ostalbkreis,1016,49,4929,Aalen,121401195
08211,Baden-Baden,Stadtkreis,55123,BW,Baden-W√ºrttemberg,StadtBadenBaden,https://twitter.com/StadtBadenBaden,Rathaus Baden-Baden,"Offizieller Twitter Account der Stadt Baden-Baden | Aktuelles, Veranstaltungen, Nachrichten",893,84,790,"Baden-Baden, Deutschland",218535877
08212,Karlsruhe,Stadtkreis,313092,BW,Baden-W√ºrttemberg,Stadt_Karlsruhe,https://twitter.com/Stadt_Karlsruhe,Stadt Karlsruhe,"Offizieller Twitter-Account der Stadt Karlsruhe.
Nachrichten und Mitteilungen aus dem Rathaus. (http://t.co/p8Pj85N2dX)",9050,10,5814,Karlsruhe,191947020
08215,Karlsruhe,Landkreis,444232,BW,Baden-W√ºrttemberg,-,,,,,,,,
08216,Rastatt,Landkreis,231018,BW,Baden-W√ºrttemberg,?,,,,,,,,
08221,Heidelberg,Stadtkreis,160355,BW,Baden-W√ºrttemberg,heidelberg_de,https://twitter.com/heidelberg_de,Stadt Heidelberg,Willkommen auf der offiziellen Twitter-Seite der Stadt Heidelberg! Hier twittert das Amt f√ºr √ñffentlichkeitsarbeit News aus der Wohlf√ºhl-Stadt am Neckar.,10309,140,11247,,183171384
08222,Mannheim,Stadtkreis,309370,BW,Baden-W√ºrttemberg,__Mannheim,https://twitter.com/__Mannheim,Stadt Mannheim,Offizieller Twitter-Account der Stadt Mannheim - bereitgestellt von @presse_service.de,1453,50,129,"Mannheim, Germany",107733816
08225,Neckar-Odenwald-Kreis,Landkreis,143535,BW,Baden-W√ºrttemberg,?,,,,,,,,
08226,Rhein-Neckar-Kreis,Landkreis,547625,BW,Baden-W√ºrttemberg,presse_rnk,https://twitter.com/presse_rnk,Rhein-Neckar-Kreis,Aktuelle Kreis-Infos aus erster Hand: Hier twittert f√ºr Sie das Presseteam des Landratsamtes Rhein-Neckar-Kreis.,4188,169,4721,"Heidelberg, Deutschland",204325824
08231,Pforzheim,Stadtkreis,125542,BW,Baden-W√ºrttemberg,stadt_pforzheim,https://twitter.com/stadt_pforzheim,Stadt Pforzheim,Offizieller Twitter Account der Stadt Pforzheim | Nachrichten und Aktuelles,2664,1076,7218,,143092197
08235,Calw,Landkreis,158397,BW,Baden-W√ºrttemberg,?,,,,,,,,
08236,Enzkreis,Landkreis,198905,BW,Baden-W√ºrttemberg,?,,,,,,,,
08237,Freudenstadt,Landkreis,117935,BW,Baden-W√ºrttemberg,?,,,,,,,,
08311,Freiburg im Breisgau,Stadtkreis,230241,BW,Baden-W√ºrttemberg,freiburg,https://twitter.com/freiburg,Freiburg im Breisgau,Offizieller Twitter-Account der Stadt Freiburg. Kontakt und Impressum unter https://t.co/7qeafSg5ZV,13650,1367,6652,Freiburg im Breisgau,14585528
08315,Breisgau-Hochschwarzwald,Landkreis,262795,BW,Baden-W√ºrttemberg,Landkreis_BH,https://twitter.com/Landkreis_BH,Landkreis Breisgau-Hochschwarzwald,"Der offizielle Account des Landratsamtes Breisgau-Hochschwarzwald. Es twittert die Pressestelle. 

https://t.co/EO7d6nY5nP",195,36,207,"Baden-W√ºrttemberg, Germany",413110579
08316,Emmendingen,Landkreis,165383,BW,Baden-W√ºrttemberg,?,,,,,,,,
08317,Ortenaukreis,Landkreis,429479,BW,Baden-W√ºrttemberg,ortenaukreis,https://twitter.com/ortenaukreis,Ortenaukreis,Hier twittert der Ortenaukreis.,1690,236,2464,"Badstr. 20, Offenburg, Germany",297881483
08325,Rottweil,Landkreis,139455,BW,Baden-W√ºrttemberg,?,,,,,,,,
08326,Schwarzwald-Baar-Kreis,Landkreis,212381,BW,Baden-W√ºrttemberg,-,,,,,,,,
08327,Tuttlingen,Landkreis,140152,BW,Baden-W√ºrttemberg,?,,,,,,,,
08335,Konstanz,Landkreis,285325,BW,Baden-W√ºrttemberg,-,,,,,,,,
08336,L√∂rrach,Landkreis,228639,BW,Baden-W√ºrttemberg,?,,,,,,,,
08337,Waldshut,Landkreis,170619,BW,Baden-W√ºrttemberg,?,,,,,,,,
08415,Reutlingen,Landkreis,286748,BW,Baden-W√ºrttemberg,-,,,,,,,,
08416,T√ºbingen,Landkreis,227331,BW,Baden-W√ºrttemberg,?,,,,,,,,
08417,Zollernalbkreis,Landkreis,188935,BW,Baden-W√ºrttemberg,?,,,,,,,,
08421,Ulm,Stadtkreis,126329,BW,Baden-W√ºrttemberg,ulm_donau,https://twitter.com/ulm_donau,Stadt Ulm,"'In Ulm, um Ulm und um Ulm herum' - steht f√ºr ein ganz besonders Lebensgef√ºhl. Wir freuen uns auf Sie. Impressum: http://t.co/tuClipNXuS",4382,203,2374,Ulm,943029504
08425,Alb-Donau-Kreis,Landkreis,196047,BW,Baden-W√ºrttemberg,-,,,,,,,,
08426,Biberach,Landkreis,199742,BW,Baden-W√ºrttemberg,?,,,,,,,,
08435,Bodenseekreis,Landkreis,216227,BW,Baden-W√ºrttemberg,?,,,,,,,,
08436,Ravensburg,Landkreis,284285,BW,Baden-W√ºrttemberg,-,,,,,,,,
08437,Sigmaringen,Landkreis,130873,BW,Baden-W√ºrttemberg,?,,,,,,,,
09161,Ingolstadt,Kreisfreie Stadt,136981,BY,Bayern,Ingolstadt_IN,https://twitter.com/Ingolstadt_IN,Stadt Ingolstadt,Hier twittert die Social-Media-Redaktion des Presseamtes. Der offizielle Twitter-Kanal der Stadt Ingolstadt,3768,389,3499,Ingolstadt,105115149
09162,M√ºnchen,Kreisfreie Stadt,1471508,BY,Bayern,muenchen,https://twitter.com/muenchen,M√ºnchen,"Das offizielle Stadtportal f√ºr M√ºnchen. 
https://t.co/TCsvEESnk0",251284,46,13563,"Munich, Bavaria, Germany",17229628
09163,Rosenheim,Kreisfreie Stadt,63324,BY,Bayern,StadtRosenheim,https://twitter.com/StadtRosenheim,Stadt Rosenheim,Offizieller Twitter-Account der Stadt Rosenheim,40,6,23,Rosenheim,877857673441574912
09171,Alt√∂tting,Landkreis,111210,BY,Bayern,?,,,,,,,,
09172,Berchtesgadener Land,Landkreis,105722,BY,Bayern,?,,,,,,,,
09173,Bad T√∂lz-Wolfratshausen,Landkreis,127227,BY,Bayern,?,,,,,,,,
09174,Dachau,Landkreis,153884,BY,Bayern,?,,,,,,,,
09175,Ebersberg,Landkreis,142142,BY,Bayern,?,,,,,,,,
09176,Eichst√§tt,Landkreis,132341,BY,Bayern,?,,,,,,,,
09177,Erding,Landkreis,137660,BY,Bayern,?,,,,,,,,
09178,Freising,Landkreis,179116,BY,Bayern,?,,,,,,,,
09179,F√ºrstenfeldbruck,Landkreis,219320,BY,Bayern,?,,,,,,,,
09180,Garmisch-Partenkirchen,Landkreis,88467,BY,Bayern,?,,,,,,,,
09181,Landsberg am Lech,Landkreis,120071,BY,Bayern,?,,,,,,,,
09182,Miesbach,Landkreis,99726,BY,Bayern,?,,,,,,,,
09183,M√ºhldorf a. Inn,Landkreis,115250,BY,Bayern,?,,,,,,,,
09184,M√ºnchen,Landkreis,348871,BY,Bayern,-,,,,,,,,
09185,Neuburg-Schrobenhausen,Landkreis,96680,BY,Bayern,?,,,,,,,,
09186,Pfaffenhofen a.d. Ilm,Landkreis,127151,BY,Bayern,?,,,,,,,,
09187,Rosenheim,Landkreis,260983,BY,Bayern,Kreis_Rosenheim,https://twitter.com/Kreis_Rosenheim,Kreis_Rosenheim,Hier twittert der Landkreis Rosenheim unter dem Motto: Du suchst das Paradies - wir nennen es Heimat,2249,1686,2772,Rosenheim,221026224
09188,Starnberg,Landkreis,136092,BY,Bayern,?,,,,,,,,
09189,Traunstein,Landkreis,177089,BY,Bayern,?,,,,,,,,
09190,Weilheim-Schongau,Landkreis,135348,BY,Bayern,?,,,,,,,,
09261,Landshut,Kreisfreie Stadt,72404,BY,Bayern,stadtlandshut,https://twitter.com/stadtlandshut,Stadt Landshut,,14,9,0,,139627404
09262,Passau,Kreisfreie Stadt,52469,BY,Bayern,Stadt_Passau,https://twitter.com/Stadt_Passau,Stadt_Passau,Offizielle Seite der Stadt Passau; Impressum unter http://t.co/knwQAllblN,2495,7,3516,Passau,517291643
09263,Straubing,Kreisfreie Stadt,47794,BY,Bayern,-,,,,,,,,
09271,Deggendorf,Landkreis,119326,BY,Bayern,?,,,,,,,,
09272,Freyung-Grafenau,Landkreis,78355,BY,Bayern,?,,,,,,,,
09273,Kelheim,Landkreis,122258,BY,Bayern,?,,,,,,,,
09274,Landshut,Landkreis,158698,BY,Bayern,?,,,,,,,,
09275,Passau,Landkreis,192043,BY,Bayern,?,,,,,,,,
09276,Regen,Landkreis,77656,BY,Bayern,?,,,,,,,,
09277,Rottal-Inn,Landkreis,120659,BY,Bayern,?,,,,,,,,
09278,Straubing-Bogen,Landkreis,100649,BY,Bayern,?,,,,,,,,
09279,Dingolfing-Landau,Landkreis,96217,BY,Bayern,?,,,,,,,,
09361,Amberg,Kreisfreie Stadt,41970,BY,Bayern,Amberg_Stadt,https://twitter.com/Amberg_Stadt,Stadt Amberg,,17,0,0,,135786946
09362,Regensburg,Kreisfreie Stadt,152610,BY,Bayern,stadtregensburg,https://twitter.com/stadtregensburg,Stadt Regensburg,"Stadt Regensburg: Welterbe, Universit√§tsstadt, moderner Wirtschaftsstandort... Alt und neu zugleich",5811,39,9028,"Bavaria, Germany",18163152
09363,Weiden i.d. OPf.,Kreisfreie Stadt,42520,BY,Bayern,Weiden_Pfalz,https://twitter.com/Weiden_Pfalz,Weiden (Oberpfalz),Lokale Nachrichten und Informationen aus Weiden in der Oberpfalz auch auf Facebook unter http://t.co/2NrKjHna4s,115,0,512,Weiden (Oberpfalz),80861801
09371,Amberg-Sulzbach,Landkreis,103109,BY,Bayern,?,,,,,,,,
09372,Cham,Landkreis,127882,BY,Bayern,?,,,,,,,,
09373,Neumarkt i.d. OPf.,Landkreis,133561,BY,Bayern,?,,,,,,,,
09374,Neustadt a.d. Waldnaab,Landkreis,94352,BY,Bayern,?,,,,,,,,
09375,Regensburg,Landkreis,193572,BY,Bayern,?,,,,,,,,
09376,Schwandorf,Landkreis,147189,BY,Bayern,?,,,,,,,,
09377,Tirschenreuth,Landkreis,72504,BY,Bayern,?,,,,,,,,
09461,Bamberg,Kreisfreie Stadt,77592,BY,Bayern,Bamberg_de,https://twitter.com/Bamberg_de,Stadt Bamberg,"Neues und Interessantes aus Bamberg, getwittert vom Amt f√ºr B√ºrgerbeteiligung, Presse- und √ñffentlichkeitsader Stadt Bamberg. Impressum: https://t.co/d51vLsJme4",5431,2613,6859,"Bamberg, Germany",43140176
09462,Bayreuth,Kreisfreie Stadt,74657,BY,Bayern,bayreuth_de,https://twitter.com/bayreuth_de,Stadt Bayreuth,"Die offizielle twitter-Seite der Stadt Bayreuth mit Nachrichten, Veranstaltungen und Service. | Official twitter page of Bayreuth.",2049,24,9327,"Bayreuth, Germany",86082043
09463,Coburg,Kreisfreie Stadt,41249,BY,Bayern,coburg,https://twitter.com/coburg,Stadt Coburg,Der offizielle Twitter-Kanal der Stadt Coburg  https://t.co/qdJ3WrtlRJ,68,21,5,"Coburg, Deutschland",148708182
09464,Hof,Kreisfreie Stadt,45930,BY,Bayern,StadtHof1,https://twitter.com/StadtHof1,Stadt Hof,Tagesaktuell und direkt aus dem Hofer Rathaus. Bayern ganz oben.,863,415,9200,"Klosterstra√üe 1, 95028 Hof",701471407
09471,Bamberg,Landkreis,147086,BY,Bayern,?,,,,,,,,
09472,Bayreuth,Landkreis,103656,BY,Bayern,?,,,,,,,,
09473,Coburg,Landkreis,86906,BY,Bayern,?,,,,,,,,
09474,Forchheim,Landkreis,116099,BY,Bayern,-,,,,,,,,
09475,Hof,Landkreis,95311,BY,Bayern,?,,,,,,,,
09476,Kronach,Landkreis,67135,BY,Bayern,?,,,,,,,,
09477,Kulmbach,Landkreis,71845,BY,Bayern,?,,,,,,,,
09478,Lichtenfels,Landkreis,66838,BY,Bayern,?,,,,,,,,
09479,Wunsiedel i. Fichtelgebirge,Landkreis,73178,BY,Bayern,?,,,,,,,,
09561,Ansbach,Kreisfreie Stadt,41847,BY,Bayern,StadtAnsbach,https://twitter.com/StadtAnsbach,Stadt Ansbach,http://t.co/BnngFzpS0W,166,9,1,"Ansbach, Mfr.",306179803
09562,Erlangen,Kreisfreie Stadt,111962,BY,Bayern,erlangen_de,https://twitter.com/erlangen_de,Stadt Erlangen,Offizieller Account der Stadt Erlangen | Hier twittert das eGovernment-Center | Aktuelles & Interessantes aus Erlangen. https://t.co/571Oym7OWf,7131,1220,24444,Rathaus Erlangen,16129782
09563,F√ºrth,Kreisfreie Stadt,127748,BY,Bayern,stadtfuerth,https://twitter.com/stadtfuerth,Stadt F√ºrth ‚òò,Offizieller Account der #Kleeblattstadt F√ºrth. ‚òò Hier twittert f√ºr Euch das B√ºrgermeister- und Presseamt. Impressum: https://t.co/mNr2Fnm8fb,1250,70,596,"F√ºrth, Deutschland",1111285413447155718
09564,N√ºrnberg,Kreisfreie Stadt,518365,BY,Bayern,nuernberg_de,https://twitter.com/nuernberg_de,Stadt N√ºrnberg,"Neues, Interessantes und Sch√∂nes aus N√ºrnberg, getwittert vom Presse- und Informationsamt der Stadt N√ºrnberg. Impressum: http://t.co/E0kbAoi14I",89118,874,11653,"N√ºrnberg / Nuremberg, Germany",22136838
09565,Schwabach,Kreisfreie Stadt,40792,BY,Bayern,stadt_schwabach,https://twitter.com/stadt_schwabach,Stadt Schwabach,"Die Goldschl√§gerstadt. Es twittern: Pressesprecher J√ºrgen Ramspeck (JR), Museumsleiter Tobias Schmid (TS) und vhs-Mitarbeiterin Karin Jakob (KJ).",945,136,1515,Schwabach,76620590
09571,Ansbach,Landkreis,183949,BY,Bayern,?,,,,,,,,
09572,Erlangen-H√∂chstadt,Landkreis,136271,BY,Bayern,LRA_ERH,https://twitter.com/LRA_ERH,Landkreis Erlangen-H√∂chstadt,"Das offizielle Landkreisportal. Hier twittert die Pressestelle des Landratsamtes. √úber Karpfen, Kr√§uter, Kren und Kirschen - und viel mehr.",198,109,375,"Erlangen, Deutschland",897465256582230018
09573,F√ºrth,Landkreis,117387,BY,Bayern,landkreisfuerth,https://twitter.com/landkreisfuerth,Landkreis F√ºrth,,21,2,0,,281078848
09574,N√ºrnberger Land,Landkreis,170365,BY,Bayern,?,,,,,,,,
09575,Neustadt a.d. Aisch-Bad Windsheim,Landkreis,100364,BY,Bayern,?,,,,,,,,
09576,Roth,Landkreis,126958,BY,Bayern,?,,,,,,,,
09577,Wei√üenburg-Gunzenhausen,Landkreis,94393,BY,Bayern,?,,,,,,,,
09661,Aschaffenburg,Kreisfreie Stadt,70527,BY,Bayern,StadtAB,https://twitter.com/StadtAB,Stadt Aschaffenburg,Nachrichten der Stadt Aschaffenburg #meinaschaffenburg https://t.co/xfezsBgBUd,2072,366,4248,Stadt Aschaffenburg,2542991138
09662,Schweinfurt,Kreisfreie Stadt,54032,BY,Bayern,stadtsw,https://twitter.com/stadtsw,Stadt Schweinfurt,,18,14,0,,2725889582
09663,W√ºrzburg,Kreisfreie Stadt,127880,BY,Bayern,stadtwuerzburg,https://twitter.com/stadtwuerzburg,stadtwuerzburg,,12,1,0,Wuerzburg/Germany,49635902
09671,Aschaffenburg,Landkreis,174208,BY,Bayern,?,,,,,,,,
09672,Bad Kissingen,Landkreis,103218,BY,Bayern,?,,,,,,,,
09673,Rh√∂n-Grabfeld,Landkreis,79690,BY,Bayern,?,,,,,,,,
09674,Ha√überge,Landkreis,84599,BY,Bayern,?,,,,,,,,
09675,Kitzingen,Landkreis,90909,BY,Bayern,?,,,,,,,,
09676,Miltenberg,Landkreis,128756,BY,Bayern,?,,,,,,,,
09677,Main-Spessart,Landkreis,126365,BY,Bayern,?,,,,,,,,
09678,Schweinfurt,Landkreis,115106,BY,Bayern,?,,,,,,,,
09679,W√ºrzburg,Landkreis,161834,BY,Bayern,?,,,,,,,,
09761,Augsburg,Kreisfreie Stadt,295135,BY,Bayern,stadtaugsburg,https://twitter.com/stadtaugsburg,Stadt Augsburg,Hier twittert ‚Äì ganz offiziell ‚Äì die Stadt Augsburg.,5745,371,3179,Augsburg,1303239385
09762,Kaufbeuren,Kreisfreie Stadt,43893,BY,Bayern,-,,,,,,,,
09763,Kempten (Allg√§u),Kreisfreie Stadt,68907,BY,Bayern,-,,,,,,,,
09764,Memmingen,Kreisfreie Stadt,43837,BY,Bayern,StadtMM,https://twitter.com/StadtMM,Stadt Memmingen,"Die Stadtverwaltung Memmingen twittert, vor allem √ºber Neuigkeiten im st√§dtischen youtube-Kanal oder andere interessante Videos.",393,0,226,Memmingen,145948815
09771,Aichach-Friedberg,Landkreis,133596,BY,Bayern,?,,,,,,,,
09772,Augsburg,Landkreis,251534,BY,Bayern,?,,,,,,,,
09773,Dillingen a.d. Donau,Landkreis,96021,BY,Bayern,?,,,,,,,,
09774,G√ºnzburg,Landkreis,125747,BY,Bayern,?,,,,,,,,
09775,Neu-Ulm,Landkreis,174200,BY,Bayern,?,,,,,,,,
09776,Lindau (Bodensee),Landkreis,81669,BY,Bayern,?,,,,,,,,
09777,Ostallg√§u,Landkreis,140316,BY,Bayern,?,,,,,,,,
09778,Unterallg√§u,Landkreis,144041,BY,Bayern,?,,,,,,,,
09779,Donau-Ries,Landkreis,133496,BY,Bayern,?,,,,,,,,
09780,Oberallg√§u,Landkreis,155362,BY,Bayern,?,,,,,,,,
10041,Regionalverband Saarbr√ºcken,Landkreis,329708,SL,Saarland,rv_saarbruecken,https://twitter.com/rv_saarbruecken,Regionalverband,"Aktuelle Meldungen und Veranstaltungen vom Regionalverband. Verbindet St√§dte, Gemeinden und Menschen. Impressum https://t.co/h2T2rzLPKe",1419,78,393,Saarbr√ºcken,2679538338
10042,Merzig-Wadern,Landkreis,103366,SL,Saarland,?,,,,,,,,
10043,Neunkirchen,Landkreis,132206,SL,Saarland,?,,,,,,,,
10044,Saarlouis,Landkreis,195201,SL,Saarland,?,,,,,,,,
10045,Saarpfalz-Kreis,Landkreis,142631,SL,Saarland,?,,,,,,,,
10046,St. Wendel,Landkreis,87397,SL,Saarland,?,,,,,,,,
11001,Berlin Mitte,Bezirk,384172,BE,Berlin,BA_Mitte_Berlin,https://twitter.com/BA_Mitte_Berlin,Bezirksamt Mitte,Willkommen auf dem offiziellen Account des BA Mitte von Berlin. Hier twittert die Pressestelle von Mo.-Fr. in der Zeit von 9-16 Uhr.,3240,205,6818,"Berlin, Deutschland",2931888743
11002,Berlin Friedrichshain-Kreuzberg,Bezirk,289762,BE,Berlin,BA_Xhain,https://twitter.com/BA_Xhain,Bezirksamt Friedrichshain-Kreuzberg,Offizieller Account des Bezirksamtes Friedrichshain-Kreuzberg. Hier twittert die Pressestelle neben Pressemitteilungen auch zu Veranstaltungen und Projekten.,3005,38,1925,"Friedrichshain, Berlin",3307052506
11003,Berlin Pankow,Bezirk,407765,BE,Berlin,BerlinPkow,https://twitter.com/BerlinPkow,Bezirksamt Pankow,"Hier werden Pressemitteilungen des Bezirksamts Pankow getwittert. Beachten Sie, dass auf diese Tweets nicht direkt geantwortet  wird.",1783,9,1537,Berlin Pankow,2989481133
11004,Berlin Charlottenburg-Wilmersdorf,Bezirk,342332,BE,Berlin,bacw_berlin,https://twitter.com/bacw_berlin,Bezirksamt Charlottenburg-Wilmersdorf,Willkommen auf dem offiziellen Account des Bezirksamts Charlottenburg-Wilmersdorf von Berlin.,596,21,3494,Charlottenburg-Wilmersdorf,3090882917
11005,Berlin Spandau,Bezirk,243977,BE,Berlin,-,,,,,,,,
11006,Berlin Steglitz-Zehlendorf,Bezirk,308697,BE,Berlin,basz_berlin,https://twitter.com/basz_berlin,Bezirksamt Steglitz-Zehlendorf,Neues & Wissenswertes aus dem #Bezirksamt & Bezirk #Steglitz-#Zehlendorf | Aktuelles | Weitere Infos und Kontakt unter https://t.co/wSiyh7QS6m,1746,264,6963,Berlin Steglitz-Zehlendorf,2687278914
11007,Berlin Tempelhof-Sch√∂neberg,Bezirk,351644,BE,Berlin,BerlinTempSchbg,https://twitter.com/BerlinTempSchbg,BerlinTempSchbg,Willkommen auf dem offiziellen Profil des Bezirksamts Tempelhof-Sch√∂neberg. Hier twittert die Pressestelle von Montag - Freitag zwischen 9 und 16 Uhr.,1370,126,3193,"Berlin, Deutschland",3256369731
11008,Berlin Neuk√∂lln,Bezirk,329691,BE,Berlin,BerlinNkl,https://twitter.com/BerlinNkl,Bezirksamt Neuk√∂lln,Hier zwitschert das Bezirksamt Neuk√∂lln seine Pressemitteilungen - Antworten auf Tweets sind leider nur in Einzelf√§llen m√∂glich  Phone +49 30 90239 -0,2158,21,1600,Rathaus Neuk√∂lln,3091229333
11009,Berlin Treptow-K√∂penick,Bezirk,271153,BE,Berlin,BaBerlinTK,https://twitter.com/BaBerlinTK,BA Treptow-K√∂penick,"Hier twittert das Bezirksamt Treptow-K√∂penick von Berlin. 
Netiquette: https://t.co/e8dtjuXNVv",2234,225,6830,Berlin Treptow-K√∂penick,418665298
11010,Berlin Marzahn-Hellersdorf,Bezirk,268548,BE,Berlin,BezirksamtMaHe,https://twitter.com/BezirksamtMaHe,Bezirksamt Marzahn-Hellersdorf,,232,60,168,"Berlin, Deutschland",1050749203369070594
11011,Berlin Lichtenberg,Bezirk,291452,BE,Berlin,BaLichtenberg,https://twitter.com/BaLichtenberg,Bezirksamt Libg,Offizieller Account des Bezirksamtes Lichtenberg von Berlin. Weitere Informationen unter https://t.co/u9ZN1R9DpQ,950,73,2111,"Berlin, Deutschland",3944873896
11012,Berlin Reinickendorf,Bezirk,265225,BE,Berlin,Bezirksamt_RDF,https://twitter.com/Bezirksamt_RDF,Bezirksamt RDF,Automatischer Feed der Pressemitteilungen des Bezirksamtes Reinickendorf (inoffizieller Account),358,2,2729,Berlin Reinickendorf,862926421
12051,Brandenburg an der Havel,Kreisfreie Stadt,72124,BB,Brandenburg,Stadt_BRB,https://twitter.com/Stadt_BRB,Stadt Brandenburg an der Havel,Pressestelle der Stadtverwaltung #Brandenburg an der Havel | OB #SteffenScheller | Aktuelle Infos zum Coronavirus: https://t.co/TjEJh7ANLg,933,183,3267,Brandenburg an der Havel,466356765
12052,Cottbus,Kreisfreie Stadt,100219,BB,Brandenburg,Stadt_Cottbus,https://twitter.com/Stadt_Cottbus,Stadt Cottbus/Ch√≥≈õebuz,"Offizieller Twitterkanal der kreisfreien Stadt Cottbus, einer lebens- und liebenswerten Universit√§tsstadt im S√ºden Brandenburgs.",2400,60,3301,Cottbus,196930112
12053,Frankfurt (Oder),Kreisfreie Stadt,57873,BB,Brandenburg,-,,,,,,,,
12054,Potsdam,Kreisfreie Stadt,178089,BB,Brandenburg,potsdam_de,https://twitter.com/potsdam_de,Stadt Potsdam,,98,0,0,,88041986
12060,Barnim,Landkreis,182760,BB,Brandenburg,?,,,,,,,,
12061,Dahme-Spreewald,Landkreis,169067,BB,Brandenburg,?,,,,,,,,
12062,Elbe-Elster,Landkreis,102638,BB,Brandenburg,?,,,,,,,,
12063,Havelland,Landkreis,161909,BB,Brandenburg,?,,,,,,,,
12064,M√§rkisch-Oderland,Landkreis,194328,BB,Brandenburg,-,,,,,,,,
12065,Oberhavel,Landkreis,211249,BB,Brandenburg,?,,,,,,,,
12066,Oberspreewald-Lausitz,Landkreis,110476,BB,Brandenburg,?,,,,,,,,
12067,Oder-Spree,Landkreis,178658,BB,Brandenburg,?,,,,,,,,
12068,Ostprignitz-Ruppin,Landkreis,99078,BB,Brandenburg,?,,,,,,,,
12069,Potsdam-Mittelmark,Landkreis,214664,BB,Brandenburg,-,,,,,,,,
12070,Prignitz,Landkreis,76508,BB,Brandenburg,?,,,,,,,,
12071,Spree-Nei√üe,Landkreis,114429,BB,Brandenburg,?,,,,,,,,
12072,Teltow-Fl√§ming,Landkreis,168296,BB,Brandenburg,?,,,,,,,,
12073,Uckermark,Landkreis,119552,BB,Brandenburg,?,,,,,,,,
13003,Rostock,Kreisfreie Stadt,208886,MV,Mecklenburg-Vorpommern,rostock_de,https://twitter.com/rostock_de,Stadt Rostock,,39,0,0,,88043172
13004,Schwerin,Kreisfreie Stadt,95818,MV,Mecklenburg-Vorpommern,schwerin_de,https://twitter.com/schwerin_de,Stadt Schwerin,,32,0,0,,88500170
13071,Mecklenburgische Seenplatte,Landkreis,259130,MV,Mecklenburg-Vorpommern,-,,,,,,,,
13072,Rostock,Landkreis,215113,MV,Mecklenburg-Vorpommern,?,,,,,,,,
13073,Vorpommern-R√ºgen,Landkreis,224684,MV,Mecklenburg-Vorpommern,-,,,,,,,,
13074,Nordwestmecklenburg,Landkreis,156729,MV,Mecklenburg-Vorpommern,?,,,,,,,,
13075,Vorpommern-Greifswald,Landkreis,236697,MV,Mecklenburg-Vorpommern,KreisVG,https://twitter.com/KreisVG,Landkreis Vorpommern-Greifswald,Hier twittert die Pressestelle des Landkreises #Vorpommern-#Greifswald #KreisVG,136,56,736,Greifswald,1242149316912873479
13076,Ludwigslust-Parchim,Landkreis,212618,MV,Mecklenburg-Vorpommern,LKLUP,https://twitter.com/LKLUP,Ludwigslust-Parchim,Willkommen im Landkreis mit Biss,682,5,4222,Ludwigslust-Parchim,145623480
14511,Chemnitz,Kreisfreie Stadt,247237,SN,Sachsen,Stadt_Chemnitz,https://twitter.com/Stadt_Chemnitz,Stadt Chemnitz,Chemnitz - Stadt der Moderne: Aktuelle Informationen und Servicemeldungen,5906,102,4036,Chemnitz,306096622
14521,Erzgebirgskreis,Landkreis,337696,SN,Sachsen,-,,,,,,,,
14522,Mittelsachsen,Landkreis,306185,SN,Sachsen,-,,,,,,,,
14523,Vogtlandkreis,Landkreis,227796,SN,Sachsen,-,,,,,,,,
14524,Zwickau,Landkreis,317531,SN,Sachsen,-,,,,,,,,
14612,Dresden,Kreisfreie Stadt,554649,SN,Sachsen,stadt_dresden,https://twitter.com/stadt_dresden,Stadt Dresden,Willkommen auf der offiziellen Twitter-Seite der Landeshauptstadt Dresden! Hier finden Sie alle aktuellen Meldungen der Stadtverwaltung.,10390,121,12055,"Dresden, Germany",348982874
14625,Bautzen,Landkreis,300880,SN,Sachsen,LandkreisBZ,https://twitter.com/LandkreisBZ,Bautzen - der Landkreis,Hier twittert die Social-Media-Redaktion des Landratsamtes Bautzen. Impressum: https://t.co/jOxC3CSQi5,482,182,776,"Bautzen, Sachsen",983330564446048256
14626,G√∂rlitz,Landkreis,254894,SN,Sachsen,-,,,,,,,,
14627,Mei√üen,Landkreis,242165,SN,Sachsen,?,,,,,,,,
14628,S√§chsische Schweiz-Osterzgebirge,Landkreis,245611,SN,Sachsen,-,,,,,,,,
14713,Leipzig,Kreisfreie Stadt,587857,SN,Sachsen,StadtLeipzig,https://twitter.com/StadtLeipzig,Stadt Leipzig,"Offizielle Seite der Stadt Leipzig. Aktuelles, Infos und Tipps aus Leipzig. Offen f√ºr Fragen und Hinweise. http://t.co/rrvcuPSS.  https://t.co/IwuJCCkb79",68845,190,18455,Leipzig,82838096
14729,Leipzig,Landkreis,257763,SN,Sachsen,KreisLeipzig,https://twitter.com/KreisLeipzig,Landkreis Leipzig,"Offizielle Seite des Landkreises Leipzig mit aktuellen Informationen.
https://t.co/SqXftu7bQd",48,0,4,,793825267168923648
14730,Nordsachsen,Landkreis,197673,SN,Sachsen,?,,,,,,,,
15001,Dessau-Ro√ülau,Kreisfreie Stadt,81237,ST,Sachsen-Anhalt,Dessau_Rosslau,https://twitter.com/Dessau_Rosslau,Stadt Dessau-Ro√ülau,Willkommen auf dem offiziellen Twitter-Account der Stadt Dessau-Ro√ülau. Hier gibt's tagesaktuelle Infos direkt aus dem Rathaus.,588,67,477,,779294399087931394
15002,Halle (Saale),Kreisfreie Stadt,239257,ST,Sachsen-Anhalt,stadt_halle,https://twitter.com/stadt_halle,Stadt Halle (Saale),News und Infos vom Stadtportal halle.de,5960,4,2382,"Halle, Deutschland",82076977
15003,Magdeburg,Kreisfreie Stadt,238697,ST,Sachsen-Anhalt,-,,,,,,,,
15081,Altmarkkreis Salzwedel,Landkreis,83765,ST,Sachsen-Anhalt,?,,,,,,,,
15082,Anhalt-Bitterfeld,Landkreis,159854,ST,Sachsen-Anhalt,?,,,,,,,,
15083,B√∂rde,Landkreis,171734,ST,Sachsen-Anhalt,?,,,,,,,,
15084,Burgenlandkreis,Landkreis,180190,ST,Sachsen-Anhalt,?,,,,,,,,
15085,Harz,Landkreis,214446,ST,Sachsen-Anhalt,?,,,,,,,,
15086,Jerichower Land,Landkreis,89928,ST,Sachsen-Anhalt,?,,,,,,,,
15087,Mansfeld-S√ºdharz,Landkreis,136249,ST,Sachsen-Anhalt,?,,,,,,,,
15088,Saalekreis,Landkreis,184582,ST,Sachsen-Anhalt,?,,,,,,,,
15089,Salzlandkreis,Landkreis,190560,ST,Sachsen-Anhalt,?,,,,,,,,
15090,Stendal,Landkreis,111982,ST,Sachsen-Anhalt,?,,,,,,,,
15091,Wittenberg,Landkreis,125840,ST,Sachsen-Anhalt,?,,,,,,,,
16051,Erfurt,Kreisfreie Stadt,213699,TH,Th√ºringen,erfurt_de,https://twitter.com/erfurt_de,Stadt Erfurt,,42,0,0,,87288311
16052,Gera,Kreisfreie Stadt,94152,TH,Th√ºringen,Stadt_Gera,https://twitter.com/Stadt_Gera,Stadt_Gera,,44,18,0,,2472250392
16053,Jena,Kreisfreie Stadt,111407,TH,Th√ºringen,jenalichtstadt,https://twitter.com/jenalichtstadt,Jena - Lichtstadt,"Offizieller Twitterkanal der Stadt Jena | Am Anger 15, 07743 Jena | Impressum: https://t.co/Jf980TKBmT",2753,90,2441,Jena,2350376179
16054,Suhl,Kreisfreie Stadt,34835,TH,Th√ºringen,-,,,,,,,,
16055,Weimar,Kreisfreie Stadt,65090,TH,Th√ºringen,stadtweimar,https://twitter.com/stadtweimar,Stadt Weimar,Offizielle Seite der Stadtverwaltung Weimar. Hier twittert das Presseteam. Fragen und Hinweise gern. https://t.co/O9weRT8SxU,2399,182,2656,Weimar,2289489252
16056,Eisenach,Kreisfreie Stadt,42370,TH,Th√ºringen,-,,,,,,,,
16061,Eichsfeld,Landkreis,100380,TH,Th√ºringen,?,,,,,,,,
16062,Nordhausen,Landkreis,83822,TH,Th√ºringen,?,,,,,,,,
16063,Wartburgkreis,Landkreis,123025,TH,Th√ºringen,?,,,,,,,,
16064,Unstrut-Hainich-Kreis,Landkreis,102912,TH,Th√ºringen,?,,,,,,,,
16065,Kyffh√§userkreis,Landkreis,75009,TH,Th√ºringen,?,,,,,,,,
16066,Schmalkalden-Meiningen,Landkreis,122347,TH,Th√ºringen,?,,,,,,,,
16067,Gotha,Landkreis,135452,TH,Th√ºringen,?,,,,,,,,
16068,S√∂mmerda,Landkreis,69655,TH,Th√ºringen,?,,,,,,,,
16069,Hildburghausen,Landkreis,63553,TH,Th√ºringen,?,,,,,,,,
16070,Ilm-Kreis,Landkreis,108742,TH,Th√ºringen,?,,,,,,,,
16071,Weimarer Land,Landkreis,81947,TH,Th√ºringen,?,,,,,,,,
16072,Sonneberg,Landkreis,56196,TH,Th√ºringen,?,,,,,,,,
16073,Saalfeld-Rudolstadt,Landkreis,106356,TH,Th√ºringen,?,,,,,,,,
16074,Saale-Holzland-Kreis,Landkreis,83051,TH,Th√ºringen,?,,,,,,,,
16075,Saale-Orla-Kreis,Landkreis,80868,TH,Th√ºringen,-,,,,,,,,
16076,Greiz,Landkreis,98159,TH,Th√ºringen,?,,,,,,,,
16077,Altenburger Land,Landkreis,90118,TH,Th√ºringen,-,,,,,,,,
