LK_ID,LK_Name,LK_Type,Population,BL_Code,BL_Name,Twitter Account
2000,Hamburg,Kreisfreie Stadt,1841179,HH,Hamburg,hamburg_de
9162,München,Kreisfreie Stadt,1471508,BY,Bayern,muenchen
3241,Region Hannover,Landkreis,1157624,NI,Niedersachsen,regionhannover_
5315,Köln,Kreisfreie Stadt,1085664,NW,Nordrhein-Westfalen,Kloen
6412,Frankfurt am Main,Kreisfreie Stadt,753056,HE,Hessen,Stadt_FFM
8111,Stuttgart,Stadtkreis,634830,BW,Baden-Württemberg,stuttgart_stadt
5111,Düsseldorf,Kreisfreie Stadt,619294,NW,Nordrhein-Westfalen,Duesseldorf
5562,Recklinghausen,Kreis,615261,NW,Nordrhein-Westfalen,StadtRE
5382,Rhein-Sieg-Kreis,Kreis,599780,NW,Nordrhein-Westfalen,RheinSiegKreis
14713,Leipzig,Kreisfreie Stadt,587857,SN,Sachsen,StadtLeipzig
5913,Dortmund,Kreisfreie Stadt,587010,NW,Nordrhein-Westfalen,stadtdortmund
5113,Essen,Kreisfreie Stadt,583109,NW,Nordrhein-Westfalen,Essen_Ruhr
4011,Bremen,Kreisfreie Stadt,569352,HB,Bremen,bremen_de
5334,Städteregion Aachen,Kreis,555465,NW,Nordrhein-Westfalen,staedteregio_ac
14612,Dresden,Kreisfreie Stadt,554649,SN,Sachsen,stadt_dresden
8226,Rhein-Neckar-Kreis,Landkreis,547625,BW,Baden-Württemberg,presse_rnk
8118,Ludwigsburg,Landkreis,543984,BW,Baden-Württemberg,-
8116,Esslingen,Landkreis,533859,BW,Baden-Württemberg,LandkreisES
9564,Nürnberg,Kreisfreie Stadt,518365,BY,Bayern,nuernberg_de
5112,Duisburg,Kreisfreie Stadt,498590,NW,Nordrhein-Westfalen,duisburg_de
5158,Mettmann,Kreis,485684,NW,Nordrhein-Westfalen,-
5362,Rhein-Erft-Kreis,Kreis,470089,NW,Nordrhein-Westfalen,rek_landrat
5170,Wesel,Kreis,459809,NW,Nordrhein-Westfalen,kreiswesel
5162,Rhein-Kreis Neuss,Kreis,451007,NW,Nordrhein-Westfalen,rheinkreisneuss
5566,Steinfurt,Kreis,447614,NW,Nordrhein-Westfalen,Kreis_Steinfurt
8215,Karlsruhe,Landkreis,444232,BW,Baden-Württemberg,-
8317,Ortenaukreis,Landkreis,429479,BW,Baden-Württemberg,ortenaukreis
8119,Rems-Murr-Kreis,Landkreis,426158,BW,Baden-Württemberg,-
6435,Main-Kinzig-Kreis,Landkreis,418950,HE,Hessen,MainKinzigKreis
5962,Märkischer Kreis,Kreis,412120,NW,Nordrhein-Westfalen,-
11003,Berlin Pankow,Bezirk,407765,BE,Berlin,BerlinPkow
5978,Unna,Kreis,394782,NW,Nordrhein-Westfalen,KreisUnna
8115,Böblingen,Landkreis,391640,BW,Baden-Württemberg,-
11001,Berlin Mitte,Bezirk,384172,BE,Berlin,BA_Mitte_Berlin
5554,Borken,Kreis,370676,NW,Nordrhein-Westfalen,akutkreisborken
5911,Bochum,Kreisfreie Stadt,364628,NW,Nordrhein-Westfalen,bochum_de
5754,Gütersloh,Kreis,364083,NW,Nordrhein-Westfalen,KreisGuetersloh
3459,Osnabrück,Landkreis,357343,NI,Niedersachsen,lkosnabrueck
5124,Wuppertal,Kreisfreie Stadt,354382,NW,Nordrhein-Westfalen,-
6438,Offenbach,Landkreis,354092,HE,Hessen,-
11007,Berlin Tempelhof-Schöneberg,Bezirk,351644,BE,Berlin,BerlinTempSchbg
9184,München,Landkreis,348871,BY,Bayern,-
5766,Lippe,Kreis,348391,NW,Nordrhein-Westfalen,-
8125,Heilbronn,Landkreis,343068,BW,Baden-Württemberg,-
11004,Berlin Charlottenburg-Wilmersdorf,Bezirk,342332,BE,Berlin,bacw_berlin
14521,Erzgebirgskreis,Landkreis,337696,SN,Sachsen,-
5711,Bielefeld,Kreisfreie Stadt,333786,NW,Nordrhein-Westfalen,stadtbielefeld
10041,Regionalverband Saarbrücken,Landkreis,329708,SL,Saarland,rv_saarbruecken
11008,Berlin Neukölln,Bezirk,329691,BE,Berlin,BerlinNkl
3159,Göttingen,Landkreis,328074,NI,Niedersachsen,-
5314,Bonn,Kreisfreie Stadt,327258,NW,Nordrhein-Westfalen,bonn_de
3454,Emsland,Landkreis,325657,NI,Niedersachsen,-
5954,Ennepe-Ruhr-Kreis,Kreis,324296,NW,Nordrhein-Westfalen,-
14524,Zwickau,Landkreis,317531,SN,Sachsen,-
1056,Pinneberg,Kreis,314391,SH,Schleswig-Holstein,Kreis_Pinneberg
5515,Münster,Kreisfreie Stadt,314319,NW,Nordrhein-Westfalen,MS_Stadt
8136,Ostalbkreis,Landkreis,314002,BW,Baden-Württemberg,LRA_Ostalbkreis
8212,Karlsruhe,Stadtkreis,313092,BW,Baden-Württemberg,Stadt_Karlsruhe
5154,Kleve,Kreis,310974,NW,Nordrhein-Westfalen,Kreis_Kleve
5770,Minden-Lübbecke,Kreis,310710,NW,Nordrhein-Westfalen,-
8222,Mannheim,Stadtkreis,309370,BW,Baden-Württemberg,__Mannheim
11006,Berlin Steglitz-Zehlendorf,Bezirk,308697,BE,Berlin,basz_berlin
5774,Paderborn,Kreis,306890,NW,Nordrhein-Westfalen,KreisPaderborn
6440,Wetteraukreis,Landkreis,306460,HE,Hessen,Bruchenbruecken
14522,Mittelsachsen,Landkreis,306185,SN,Sachsen,-
5974,Soest,Kreis,301902,NW,Nordrhein-Westfalen,KreisSoest
14625,Bautzen,Landkreis,300880,SN,Sachsen,LandkreisBZ
5166,Viersen,Kreis,298935,NW,Nordrhein-Westfalen,kreisviersen
6432,Darmstadt-Dieburg,Landkreis,297399,HE,Hessen,-
9761,Augsburg,Kreisfreie Stadt,295135,BY,Bayern,stadtaugsburg
11011,Berlin Lichtenberg,Bezirk,291452,BE,Berlin,BaLichtenberg
11002,Berlin Friedrichshain-Kreuzberg,Bezirk,289762,BE,Berlin,BA_Xhain
8415,Reutlingen,Landkreis,286748,BW,Baden-Württemberg,-
8335,Konstanz,Landkreis,285325,BW,Baden-Württemberg,-
8436,Ravensburg,Landkreis,284285,BW,Baden-Württemberg,-
5378,Rheinisch-Bergischer Kreis,Kreis,283455,NW,Nordrhein-Westfalen,-
6414,Wiesbaden,Kreisfreie Stadt,278342,HE,Hessen,Stadt_Wiesbaden
5970,Siegen-Wittgenstein,Kreis,278210,NW,Nordrhein-Westfalen,Kreis_SiWi
5570,Warendorf,Kreis,277783,NW,Nordrhein-Westfalen,Kreis_Warendorf
3254,Hildesheim,Landkreis,276594,NI,Niedersachsen,-
1060,Segeberg,Kreis,276032,SH,Schleswig-Holstein,-
6433,Groß-Gerau,Landkreis,274526,HE,Hessen,-
1058,Rendsburg-Eckernförde,Kreis,272775,SH,Schleswig-Holstein,-
5374,Oberbergischer Kreis,Kreis,272471,NW,Nordrhein-Westfalen,-
11009,Berlin Treptow-Köpenick,Bezirk,271153,BE,Berlin,BaBerlinTK
6431,Bergstraße,Landkreis,269694,HE,Hessen,-
6531,Gießen,Landkreis,268876,HE,Hessen,-
11010,Berlin Marzahn-Hellersdorf,Bezirk,268548,BE,Berlin,BezirksamtMaHe
11012,Berlin Reinickendorf,Bezirk,265225,BE,Berlin,Bezirksamt_RDF
5358,Düren,Kreis,263722,NW,Nordrhein-Westfalen,kreisdueren
8315,Breisgau-Hochschwarzwald,Landkreis,262795,BW,Baden-Württemberg,Landkreis_BH
5116,Mönchengladbach,Kreisfreie Stadt,261454,NW,Nordrhein-Westfalen,StadtMG
9187,Rosenheim,Landkreis,260983,BY,Bayern,Kreis_Rosenheim
5513,Gelsenkirchen,Kreisfreie Stadt,260654,NW,Nordrhein-Westfalen,_Gelsenkirchen_
5958,Hochsauerlandkreis,Kreis,260475,NW,Nordrhein-Westfalen,-
13071,Mecklenburgische Seenplatte,Landkreis,259130,MV,Mecklenburg-Vorpommern,-
14729,Leipzig,Landkreis,257763,SN,Sachsen,KreisLeipzig
8117,Göppingen,Landkreis,257253,BW,Baden-Württemberg,-
14626,Görlitz,Landkreis,254894,SN,Sachsen,-
5370,Heinsberg,Kreis,254322,NW,Nordrhein-Westfalen,kreisheinsberg
6532,Lahn-Dill-Kreis,Landkreis,253777,HE,Hessen,-
3353,Harburg,Landkreis,252776,NI,Niedersachsen,LKreis_Harburg
9772,Augsburg,Landkreis,251534,BY,Bayern,?
5758,Herford,Kreis,250783,NW,Nordrhein-Westfalen,-
3101,Braunschweig,Kreisfreie Stadt,248292,NI,Niedersachsen,Stadt_BS
1002,Kiel,Kreisfreie Stadt,247548,SH,Schleswig-Holstein,stadt_kiel
14511,Chemnitz,Kreisfreie Stadt,247237,SN,Sachsen,Stadt_Chemnitz
6534,Marburg-Biedenkopf,Landkreis,246648,HE,Hessen,-
14628,Sächsische Schweiz-Osterzgebirge,Landkreis,245611,SN,Sachsen,-
11005,Berlin Spandau,Bezirk,243977,BE,Berlin,-
1062,Stormarn,Kreis,243196,SH,Schleswig-Holstein,Kreis_Stormarn
14627,Meißen,Landkreis,242165,SN,Sachsen,?
15002,Halle (Saale),Kreisfreie Stadt,239257,ST,Sachsen-Anhalt,stadt_halle
15003,Magdeburg,Kreisfreie Stadt,238697,ST,Sachsen-Anhalt,-
6436,Main-Taunus-Kreis,Landkreis,237735,HE,Hessen,-
13075,Vorpommern-Greifswald,Landkreis,236697,MV,Mecklenburg-Vorpommern,KreisVG
6633,Kassel,Landkreis,236633,HE,Hessen,?
6434,Hochtaunuskreis,Landkreis,236564,HE,Hessen,-
8216,Rastatt,Landkreis,231018,BW,Baden-Württemberg,?
8311,Freiburg im Breisgau,Stadtkreis,230241,BW,Baden-Württemberg,freiburg
8336,Lörrach,Landkreis,228639,BW,Baden-Württemberg,?
14523,Vogtlandkreis,Landkreis,227796,SN,Sachsen,-
8416,Tübingen,Landkreis,227331,BW,Baden-Württemberg,?
5114,Krefeld,Kreisfreie Stadt,227020,NW,Nordrhein-Westfalen,KrefeldStadt
13073,Vorpommern-Rügen,Landkreis,224684,MV,Mecklenburg-Vorpommern,-
6631,Fulda,Landkreis,222584,HE,Hessen,?
5558,Coesfeld,Kreis,219929,NW,Nordrhein-Westfalen,KreisCoesfeld
9179,Fürstenfeldbruck,Landkreis,219320,BY,Bayern,?
1003,Lübeck,Kreisfreie Stadt,217198,SH,Schleswig-Holstein,-
7315,Mainz,Kreisfreie Stadt,217118,RP,Rheinland-Pfalz,stadtmainz
3251,Diepholz,Landkreis,216886,NI,Niedersachsen,?
8435,Bodenseekreis,Landkreis,216227,BW,Baden-Württemberg,?
13072,Rostock,Landkreis,215113,MV,Mecklenburg-Vorpommern,?
12069,Potsdam-Mittelmark,Landkreis,214664,BB,Brandenburg,-
15085,Harz,Landkreis,214446,ST,Sachsen-Anhalt,?
7137,Mayen-Koblenz,Landkreis,214259,RP,Rheinland-Pfalz,-
16051,Erfurt,Kreisfreie Stadt,213699,TH,Thüringen,erfurt_de
13076,Ludwigslust-Parchim,Landkreis,212618,MV,Mecklenburg-Vorpommern,LKLUP
8326,Schwarzwald-Baar-Kreis,Landkreis,212381,BW,Baden-Württemberg,-
12065,Oberhavel,Landkreis,211249,BB,Brandenburg,?
7339,Mainz-Bingen,Landkreis,210889,RP,Rheinland-Pfalz,-
5119,Oberhausen,Kreisfreie Stadt,210829,NW,Nordrhein-Westfalen,StadtOberhausen
13003,Rostock,Kreisfreie Stadt,208886,MV,Mecklenburg-Vorpommern,rostock_de
3359,Stade,Landkreis,203102,NI,Niedersachsen,?
7143,Westerwaldkreis,Landkreis,201597,RP,Rheinland-Pfalz,?
6611,Kassel,Kreisfreie Stadt,201585,HE,Hessen,StadtKassel
1055,Ostholstein,Kreis,200581,SH,Schleswig-Holstein,-
1059,Schleswig-Flensburg,Kreis,200025,SH,Schleswig-Holstein,-
8426,Biberach,Landkreis,199742,BW,Baden-Württemberg,?
8236,Enzkreis,Landkreis,198905,BW,Baden-Württemberg,?
3352,Cuxhaven,Landkreis,198213,NI,Niedersachsen,?
14730,Nordsachsen,Landkreis,197673,SN,Sachsen,?
1053,Herzogtum Lauenburg,Kreis,197264,SH,Schleswig-Holstein,-
8425,Alb-Donau-Kreis,Landkreis,196047,BW,Baden-Württemberg,-
8127,Schwäbisch Hall,Landkreis,195861,BW,Baden-Württemberg,-
10044,Saarlouis,Landkreis,195201,SL,Saarland,?
12064,Märkisch-Oderland,Landkreis,194328,BB,Brandenburg,-
9375,Regensburg,Landkreis,193572,BY,Bayern,?
5366,Euskirchen,Kreis,192840,NW,Nordrhein-Westfalen,KV_Euskirchen
9275,Passau,Landkreis,192043,BY,Bayern,?
15089,Salzlandkreis,Landkreis,190560,ST,Sachsen-Anhalt,?
3452,Aurich,Landkreis,189848,NI,Niedersachsen,?
8417,Zollernalbkreis,Landkreis,188935,BW,Baden-Württemberg,?
5914,Hagen,Kreisfreie Stadt,188814,NW,Nordrhein-Westfalen,Hagen_Westfalen
6439,Rheingau-Taunus-Kreis,Landkreis,187157,HE,Hessen,-
15088,Saalekreis,Landkreis,184582,ST,Sachsen-Anhalt,?
9571,Ansbach,Landkreis,183949,BY,Bayern,?
3355,Lüneburg,Landkreis,183372,NI,Niedersachsen,lk_lueneburg
12060,Barnim,Landkreis,182760,BB,Brandenburg,?
7138,Neuwied,Landkreis,181941,RP,Rheinland-Pfalz,?
6634,Schwalm-Eder-Kreis,Landkreis,180222,HE,Hessen,?
15084,Burgenlandkreis,Landkreis,180190,ST,Sachsen-Anhalt,?
9178,Freising,Landkreis,179116,BY,Bayern,?
5915,Hamm,Kreisfreie Stadt,179111,NW,Nordrhein-Westfalen,hamm_stadt
3351,Celle,Landkreis,178936,NI,Niedersachsen,-
12067,Oder-Spree,Landkreis,178658,BB,Brandenburg,?
12054,Potsdam,Kreisfreie Stadt,178089,BB,Brandenburg,potsdam_de
9189,Traunstein,Landkreis,177089,BY,Bayern,?
3151,Gifhorn,Landkreis,175920,NI,Niedersachsen,?
9671,Aschaffenburg,Landkreis,174208,BY,Bayern,?
9775,Neu-Ulm,Landkreis,174200,BY,Bayern,?
6533,Limburg-Weilburg,Landkreis,172083,HE,Hessen,?
15083,Börde,Landkreis,171734,ST,Sachsen-Anhalt,?
7314,Ludwigshafen am Rhein,Kreisfreie Stadt,171061,RP,Rheinland-Pfalz,ludwigshafen_de
5117,Mülheim an der Ruhr,Kreisfreie Stadt,170880,NW,Nordrhein-Westfalen,Muelheim_Ruhr
8337,Waldshut,Landkreis,170619,BW,Baden-Württemberg,?
9574,Nürnberger Land,Landkreis,170365,BY,Bayern,?
3457,Leer,Landkreis,169809,NI,Niedersachsen,?
3453,Cloppenburg,Landkreis,169348,NI,Niedersachsen,?
12061,Dahme-Spreewald,Landkreis,169067,BB,Brandenburg,?
12072,Teltow-Fläming,Landkreis,168296,BB,Brandenburg,?
3403,Oldenburg (Oldb),Kreisfreie Stadt,168210,NI,Niedersachsen,-
1054,Nordfriesland,Kreis,165507,SH,Schleswig-Holstein,-
8316,Emmendingen,Landkreis,165383,BW,Baden-Württemberg,?
3404,Osnabrück,Kreisfreie Stadt,164748,NI,Niedersachsen,StadtOsnabrueck
5316,Leverkusen,Kreisfreie Stadt,163838,NW,Nordrhein-Westfalen,leverkusen_de
3357,Rotenburg (Wümme),Landkreis,163455,NI,Niedersachsen,?
12063,Havelland,Landkreis,161909,BB,Brandenburg,?
9679,Würzburg,Landkreis,161834,BY,Bayern,?
8221,Heidelberg,Stadtkreis,160355,BW,Baden-Württemberg,heidelberg_de
15082,Anhalt-Bitterfeld,Landkreis,159854,ST,Sachsen-Anhalt,?
5122,Solingen,Kreisfreie Stadt,159360,NW,Nordrhein-Westfalen,Klingenstadt
6411,Darmstadt,Kreisfreie Stadt,159207,HE,Hessen,Stadt_Darmstadt
9274,Landshut,Landkreis,158698,BY,Bayern,?
8235,Calw,Landkreis,158397,BW,Baden-Württemberg,?
7133,Bad Kreuznach,Landkreis,158080,RP,Rheinland-Pfalz,?
3257,Schaumburg,Landkreis,157781,NI,Niedersachsen,?
6635,Waldeck-Frankenberg,Landkreis,156953,HE,Hessen,?
13074,Nordwestmecklenburg,Landkreis,156729,MV,Mecklenburg-Vorpommern,?
5916,Herne,Kreisfreie Stadt,156374,NW,Nordrhein-Westfalen,Stadt_Herne
9780,Oberallgäu,Landkreis,155362,BY,Bayern,?
7338,Rhein-Pfalz-Kreis,Landkreis,154201,RP,Rheinland-Pfalz,?
9174,Dachau,Landkreis,153884,BY,Bayern,?
9362,Regensburg,Kreisfreie Stadt,152610,BY,Bayern,stadtregensburg
7235,Trier-Saarburg,Landkreis,148945,RP,Rheinland-Pfalz,?
3252,Hameln-Pyrmont,Landkreis,148559,NI,Niedersachsen,?
9376,Schwandorf,Landkreis,147189,BY,Bayern,?
9471,Bamberg,Landkreis,147086,BY,Bayern,?
9778,Unterallgäu,Landkreis,144041,BY,Bayern,?
8225,Neckar-Odenwald-Kreis,Landkreis,143535,BW,Baden-Württemberg,?
10045,Saarpfalz-Kreis,Landkreis,142631,SL,Saarland,?
9175,Ebersberg,Landkreis,142142,BY,Bayern,?
3460,Vechta,Landkreis,141598,NI,Niedersachsen,?
5762,Höxter,Kreis,140667,NW,Nordrhein-Westfalen,Kreis_Hoexter
9777,Ostallgäu,Landkreis,140316,BY,Bayern,?
8327,Tuttlingen,Landkreis,140152,BW,Baden-Württemberg,?
3358,Heidekreis,Landkreis,139755,NI,Niedersachsen,?
8325,Rottweil,Landkreis,139455,BW,Baden-Württemberg,?
9177,Erding,Landkreis,137660,BY,Bayern,?
3153,Goslar,Landkreis,137014,NI,Niedersachsen,?
9161,Ingolstadt,Kreisfreie Stadt,136981,BY,Bayern,Ingolstadt_IN
3361,Verden,Landkreis,136792,NI,Niedersachsen,?
3456,Grafschaft Bentheim,Landkreis,136511,NI,Niedersachsen,?
9572,Erlangen-Höchstadt,Landkreis,136271,BY,Bayern,LRA_ERH
15087,Mansfeld-Südharz,Landkreis,136249,ST,Sachsen-Anhalt,?
9188,Starnberg,Landkreis,136092,BY,Bayern,?
16067,Gotha,Landkreis,135452,TH,Thüringen,?
9190,Weilheim-Schongau,Landkreis,135348,BY,Bayern,?
5966,Olpe,Kreis,134775,NW,Nordrhein-Westfalen,Kreis_Olpe
3157,Peine,Landkreis,133965,NI,Niedersachsen,?
9771,Aichach-Friedberg,Landkreis,133596,BY,Bayern,?
9373,Neumarkt i.d. OPf.,Landkreis,133561,BY,Bayern,?
9779,Donau-Ries,Landkreis,133496,BY,Bayern,?
1051,Dithmarschen,Kreis,133210,SH,Schleswig-Holstein,-
3155,Northeim,Landkreis,132765,NI,Niedersachsen,?
7332,Bad Dürkheim,Landkreis,132660,RP,Rheinland-Pfalz,?
8135,Heidenheim,Landkreis,132472,BW,Baden-Württemberg,?
9176,Eichstätt,Landkreis,132341,BY,Bayern,?
8128,Main-Tauber-Kreis,Landkreis,132321,BW,Baden-Württemberg,?
10043,Neunkirchen,Landkreis,132206,SL,Saarland,?
1061,Steinburg,Kreis,131347,SH,Schleswig-Holstein,-
8437,Sigmaringen,Landkreis,130873,BW,Baden-Württemberg,?
3458,Oldenburg,Landkreis,130144,NI,Niedersachsen,?
7131,Ahrweiler,Landkreis,129727,RP,Rheinland-Pfalz,?
7331,Alzey-Worms,Landkreis,129244,RP,Rheinland-Pfalz,?
7334,Germersheim,Landkreis,129075,RP,Rheinland-Pfalz,?
9676,Miltenberg,Landkreis,128756,BY,Bayern,?
6413,Offenbach am Main,Kreisfreie Stadt,128744,HE,Hessen,Stadt_OF
7132,Altenkirchen (Westerwald),Landkreis,128705,RP,Rheinland-Pfalz,?
1057,Plön,Kreis,128647,SH,Schleswig-Holstein,-
9372,Cham,Landkreis,127882,BY,Bayern,?
9663,Würzburg,Kreisfreie Stadt,127880,BY,Bayern,stadtwuerzburg
9563,Fürth,Kreisfreie Stadt,127748,BY,Bayern,stadtfuerth
9173,Bad Tölz-Wolfratshausen,Landkreis,127227,BY,Bayern,?
9186,Pfaffenhofen a.d. Ilm,Landkreis,127151,BY,Bayern,?
9576,Roth,Landkreis,126958,BY,Bayern,?
9677,Main-Spessart,Landkreis,126365,BY,Bayern,?
8421,Ulm,Stadtkreis,126329,BW,Baden-Württemberg,ulm_donau
8121,Heilbronn,Stadtkreis,125960,BW,Baden-Württemberg,heilbronn_de
15091,Wittenberg,Landkreis,125840,ST,Sachsen-Anhalt,?
9774,Günzburg,Landkreis,125747,BY,Bayern,?
8231,Pforzheim,Stadtkreis,125542,BW,Baden-Württemberg,stadt_pforzheim
3103,Wolfsburg,Kreisfreie Stadt,124151,NI,Niedersachsen,Stadt_Wolfsburg
3451,Ammerland,Landkreis,124071,NI,Niedersachsen,?
16063,Wartburgkreis,Landkreis,123025,TH,Thüringen,?
16066,Schmalkalden-Meiningen,Landkreis,122347,TH,Thüringen,?
7141,Rhein-Lahn-Kreis,Landkreis,122308,RP,Rheinland-Pfalz,?
9273,Kelheim,Landkreis,122258,BY,Bayern,?
3256,Nienburg (Weser),Landkreis,121386,NI,Niedersachsen,?
6632,Hersfeld-Rotenburg,Landkreis,120829,HE,Hessen,?
9277,Rottal-Inn,Landkreis,120659,BY,Bayern,?
9181,Landsberg am Lech,Landkreis,120071,BY,Bayern,?
3158,Wolfenbüttel,Landkreis,119960,NI,Niedersachsen,?
12073,Uckermark,Landkreis,119552,BB,Brandenburg,?
9271,Deggendorf,Landkreis,119326,BY,Bayern,?
8237,Freudenstadt,Landkreis,117935,BW,Baden-Württemberg,?
9573,Fürth,Landkreis,117387,BY,Bayern,landkreisfuerth
5512,Bottrop,Kreisfreie Stadt,117383,NW,Nordrhein-Westfalen,bottrop
9474,Forchheim,Landkreis,116099,BY,Bayern,-
9183,Mühldorf a. Inn,Landkreis,115250,BY,Bayern,?
9678,Schweinfurt,Landkreis,115106,BY,Bayern,?
12071,Spree-Neiße,Landkreis,114429,BB,Brandenburg,?
7111,Koblenz,Kreisfreie Stadt,114024,RP,Rheinland-Pfalz,-
4012,Bremerhaven,Kreisfreie Stadt,113634,HB,Bremen,bremerhaven_de
3356,Osterholz,Landkreis,113517,NI,Niedersachsen,?
7231,Bernkastel-Wittlich,Landkreis,112262,RP,Rheinland-Pfalz,?
8126,Hohenlohekreis,Landkreis,112010,BW,Baden-Württemberg,?
15090,Stendal,Landkreis,111982,ST,Sachsen-Anhalt,?
9562,Erlangen,Kreisfreie Stadt,111962,BY,Bayern,erlangen_de
16053,Jena,Kreisfreie Stadt,111407,TH,Thüringen,jenalichtstadt
9171,Altötting,Landkreis,111210,BY,Bayern,?
5120,Remscheid,Kreisfreie Stadt,110994,NW,Nordrhein-Westfalen,-
7211,Trier,Kreisfreie Stadt,110636,RP,Rheinland-Pfalz,Stadt_Trier
12066,Oberspreewald-Lausitz,Landkreis,110476,BB,Brandenburg,?
7337,Südliche Weinstraße,Landkreis,110356,RP,Rheinland-Pfalz,?
16070,Ilm-Kreis,Landkreis,108742,TH,Thüringen,?
16073,Saalfeld-Rudolstadt,Landkreis,106356,TH,Thüringen,?
7335,Kaiserslautern,Landkreis,106057,RP,Rheinland-Pfalz,?
6535,Vogelsbergkreis,Landkreis,105878,HE,Hessen,?
9172,Berchtesgadener Land,Landkreis,105722,BY,Bayern,?
3102,Salzgitter,Kreisfreie Stadt,104948,NI,Niedersachsen,stadtsalzgitter
9472,Bayreuth,Landkreis,103656,BY,Bayern,?
10042,Merzig-Wadern,Landkreis,103366,SL,Saarland,?
9672,Bad Kissingen,Landkreis,103218,BY,Bayern,?
9371,Amberg-Sulzbach,Landkreis,103109,BY,Bayern,?
7140,Rhein-Hunsrück-Kreis,Landkreis,102937,RP,Rheinland-Pfalz,?
16064,Unstrut-Hainich-Kreis,Landkreis,102912,TH,Thüringen,?
12062,Elbe-Elster,Landkreis,102638,BB,Brandenburg,?
6636,Werra-Meißner-Kreis,Landkreis,101017,HE,Hessen,?
9278,Straubing-Bogen,Landkreis,100649,BY,Bayern,?
16061,Eichsfeld,Landkreis,100380,TH,Thüringen,?
9575,Neustadt a.d. Aisch-Bad Windsheim,Landkreis,100364,BY,Bayern,?
12052,Cottbus,Kreisfreie Stadt,100219,BB,Brandenburg,Stadt_Cottbus
7312,Kaiserslautern,Kreisfreie Stadt,99845,RP,Rheinland-Pfalz,StadtKL
9182,Miesbach,Landkreis,99726,BY,Bayern,?
12068,Ostprignitz-Ruppin,Landkreis,99078,BB,Brandenburg,?
7232,Eifelkreis Bitburg-Prüm,Landkreis,98561,RP,Rheinland-Pfalz,?
3455,Friesland,Landkreis,98460,NI,Niedersachsen,?
16076,Greiz,Landkreis,98159,TH,Thüringen,?
6437,Odenwaldkreis,Landkreis,96798,HE,Hessen,?
9185,Neuburg-Schrobenhausen,Landkreis,96680,BY,Bayern,?
9279,Dingolfing-Landau,Landkreis,96217,BY,Bayern,?
9773,Dillingen a.d. Donau,Landkreis,96021,BY,Bayern,?
13004,Schwerin,Kreisfreie Stadt,95818,MV,Mecklenburg-Vorpommern,schwerin_de
9475,Hof,Landkreis,95311,BY,Bayern,?
7340,Südwestpfalz,Landkreis,95113,RP,Rheinland-Pfalz,?
9577,Weißenburg-Gunzenhausen,Landkreis,94393,BY,Bayern,?
9374,Neustadt a.d. Waldnaab,Landkreis,94352,BY,Bayern,?
16052,Gera,Kreisfreie Stadt,94152,TH,Thüringen,Stadt_Gera
3360,Uelzen,Landkreis,92572,NI,Niedersachsen,?
3154,Helmstedt,Landkreis,91307,NI,Niedersachsen,?
9675,Kitzingen,Landkreis,90909,BY,Bayern,?
16077,Altenburger Land,Landkreis,90118,TH,Thüringen,-
15086,Jerichower Land,Landkreis,89928,ST,Sachsen-Anhalt,?
1001,Flensburg,Kreisfreie Stadt,89504,SH,Schleswig-Holstein,Stadt_Flensburg
3461,Wesermarsch,Landkreis,88624,NI,Niedersachsen,?
9180,Garmisch-Partenkirchen,Landkreis,88467,BY,Bayern,?
10046,St. Wendel,Landkreis,87397,SL,Saarland,?
9473,Coburg,Landkreis,86906,BY,Bayern,?
9674,Haßberge,Landkreis,84599,BY,Bayern,?
16062,Nordhausen,Landkreis,83822,TH,Thüringen,?
15081,Altmarkkreis Salzwedel,Landkreis,83765,ST,Sachsen-Anhalt,?
7319,Worms,Kreisfreie Stadt,83330,RP,Rheinland-Pfalz,nibelungenstadt
16074,Saale-Holzland-Kreis,Landkreis,83051,TH,Thüringen,?
16071,Weimarer Land,Landkreis,81947,TH,Thüringen,?
9776,Lindau (Bodensee),Landkreis,81669,BY,Bayern,?
15001,Dessau-Roßlau,Kreisfreie Stadt,81237,ST,Sachsen-Anhalt,Dessau_Rosslau
16075,Saale-Orla-Kreis,Landkreis,80868,TH,Thüringen,-
7134,Birkenfeld,Landkreis,80720,RP,Rheinland-Pfalz,?
9673,Rhön-Grabfeld,Landkreis,79690,BY,Bayern,?
1004,Neumünster,Kreisfreie Stadt,79487,SH,Schleswig-Holstein,neumuenster
9272,Freyung-Grafenau,Landkreis,78355,BY,Bayern,?
9276,Regen,Landkreis,77656,BY,Bayern,?
3401,Delmenhorst,Kreisfreie Stadt,77607,NI,Niedersachsen,delmenhorst_de
9461,Bamberg,Kreisfreie Stadt,77592,BY,Bayern,Bamberg_de
12070,Prignitz,Landkreis,76508,BB,Brandenburg,?
3405,Wilhelmshaven,Kreisfreie Stadt,76278,NI,Niedersachsen,StadtWHV
7333,Donnersbergkreis,Landkreis,75101,RP,Rheinland-Pfalz,?
16065,Kyffhäuserkreis,Landkreis,75009,TH,Thüringen,?
9462,Bayreuth,Kreisfreie Stadt,74657,BY,Bayern,bayreuth_de
9479,Wunsiedel i. Fichtelgebirge,Landkreis,73178,BY,Bayern,?
9377,Tirschenreuth,Landkreis,72504,BY,Bayern,?
9261,Landshut,Kreisfreie Stadt,72404,BY,Bayern,stadtlandshut
12051,Brandenburg an der Havel,Kreisfreie Stadt,72124,BB,Brandenburg,Stadt_BRB
9477,Kulmbach,Landkreis,71845,BY,Bayern,?
3255,Holzminden,Landkreis,70975,NI,Niedersachsen,?
9661,Aschaffenburg,Kreisfreie Stadt,70527,BY,Bayern,StadtAB
7336,Kusel,Landkreis,70526,RP,Rheinland-Pfalz,?
16068,Sömmerda,Landkreis,69655,TH,Thüringen,?
9763,Kempten (Allgäu),Kreisfreie Stadt,68907,BY,Bayern,Kempten2
9476,Kronach,Landkreis,67135,BY,Bayern,?
9478,Lichtenfels,Landkreis,66838,BY,Bayern,?
16055,Weimar,Kreisfreie Stadt,65090,TH,Thüringen,stadtweimar
16069,Hildburghausen,Landkreis,63553,TH,Thüringen,?
9163,Rosenheim,Kreisfreie Stadt,63324,BY,Bayern,StadtRosenheim
7135,Cochem-Zell,Landkreis,61587,RP,Rheinland-Pfalz,?
7233,Vulkaneifel,Landkreis,60603,RP,Rheinland-Pfalz,?
12053,Frankfurt (Oder),Kreisfreie Stadt,57873,BB,Brandenburg,-
3462,Wittmund,Landkreis,56882,NI,Niedersachsen,?
16072,Sonneberg,Landkreis,56196,TH,Thüringen,?
8211,Baden-Baden,Stadtkreis,55123,BW,Baden-Württemberg,StadtBadenBaden
9662,Schweinfurt,Kreisfreie Stadt,54032,BY,Bayern,stadtsw
7316,Neustadt an der Weinstraße,Kreisfreie Stadt,53148,RP,Rheinland-Pfalz,Neustadt_Wstr
9262,Passau,Kreisfreie Stadt,52469,BY,Bayern,Stadt_Passau
7318,Speyer,Kreisfreie Stadt,50378,RP,Rheinland-Pfalz,Speyer_Stadt
3402,Emden,Kreisfreie Stadt,50195,NI,Niedersachsen,StadtEmden
7311,Frankenthal (Pfalz),Kreisfreie Stadt,48561,RP,Rheinland-Pfalz,Stadt_FT
3354,Lüchow-Dannenberg,Landkreis,48424,NI,Niedersachsen,?
9263,Straubing,Kreisfreie Stadt,47794,BY,Bayern,-
7313,Landau in der Pfalz,Kreisfreie Stadt,46677,RP,Rheinland-Pfalz,Landau_Pfalz1
9464,Hof,Kreisfreie Stadt,45930,BY,Bayern,StadtHof1
9762,Kaufbeuren,Kreisfreie Stadt,43893,BY,Bayern,-
9764,Memmingen,Kreisfreie Stadt,43837,BY,Bayern,StadtMM
9363,Weiden i.d. OPf.,Kreisfreie Stadt,42520,BY,Bayern,Weiden_Pfalz
16056,Eisenach,Kreisfreie Stadt,42370,TH,Thüringen,-
9361,Amberg,Kreisfreie Stadt,41970,BY,Bayern,Amberg_Stadt
9561,Ansbach,Kreisfreie Stadt,41847,BY,Bayern,StadtAnsbach
9463,Coburg,Kreisfreie Stadt,41249,BY,Bayern,coburg
9565,Schwabach,Kreisfreie Stadt,40792,BY,Bayern,stadt_schwabach
7317,Pirmasens,Kreisfreie Stadt,40403,RP,Rheinland-Pfalz,stadtpirmasens
16054,Suhl,Kreisfreie Stadt,34835,TH,Thüringen,-
7320,Zweibrücken,Kreisfreie Stadt,34209,RP,Rheinland-Pfalz,-
